time, කාලය, time, 
year, වර්ෂය, the year, වසර, year, 
people, මහජන, people, 
way, ආකාරය, way, 
day, දවස, day, 
man, මිනිසා, man, 
thing, දෙයක්, something, යමක්, something, 
woman, කාන්තාවක්, a woman, කාන්තාවක්, 
life, ජීවිතය, life, 
child, ළමා, child, 
world, ලෝකය, world, 
school, පාසලේ, school, 
state, රජයේ, government, ආණ්ඩුව, the government, ආණ්ඩුව, 
family, පවුලක්, family, 
student, ශිෂ්යයෙකි, student, 
group, සමූහය, group, 
country, රට, country, 
problem, ගැටලුව, problem, 
hand, අත, community, ප්රජාව, community, 
part, කොටස, part, 
place, තැනක්, a place, තැනක්, 
case, නඩුව, case, 
week, සතියේ, week, 
company, සමාගම, company, 
system, පද්ධති, system, 
program, වැඩසටහන, program, 
question, ප්රශ්නයක්, a problem, ප්රශ්නයක්, 
work, කාර්යය, work, 
government, ආණ්ඩුව, the government, ආණ්ඩුව, 
number, අංකය, the number, අංකයයි, telephone, දුරකථන, phones, දුරකථන, 
night, රෑ, night, 
mr, මහතා, mr., මහතා., said., ප්රකාශ කළා., speaking., කතා කරමින්., speaking., 
point, ලක්ෂ්යය, point, 
home, ගෙදර, home, 
water, ජලය, water, 
room, කාමරය, the room, කාමරය, 
mother, මව, mother, 
area, ප්රදේශයකි, area, 
money, මුදල, money, 
story, කතාව, the story, කතාව, 
fact, ඇත්ත, the truth, සත්යය, truth, සත්යය, 
month, මස, on, මත, on a, මත, 
lot, ගොඩක්, so many, බොහෝ අය, many people, බොහෝ අය, 
right, හරි, right, 
study, අධ්යයනයකි, study, 
book, පොත, book, 
eye, ඇස, eye, 
job, රැකියා, employment, රැකියා, 
word, වචනය, the word, වචනය, 
business, ව්යාපාරික, business, 
issue, නිකුත් කිරීම, release, මුදා හැරීම, release, 
side, පැත්ත, side, 
kind, කරුණාවන්තයි, kind, 
head, හිස, head, 
house, නිවස, house, 
service, සේවාව, service, 
friend, මිතුරිය, friend, 
father, පියා, father, 
power, බලය, power, 
hour, පැය, hours, පැය, 
game, ක්රීඩාවයි, sports, ක්රීඩා, sports, 
line, රේඛාවයි, line, 
end, අවසානය, end, 
member, සාමාජිකයෙකි, member, 
law, නීතිය, law, 
car, මෝටර් රථ, cars, මෝටර් රථ, 
city, නගරය, city, 
community, ප්රජාව, community, 
name, නාමය, name, 
president, සභාපති, chairman, සභාපති, 
team, කණ්ඩායම, group, සමූහය, group, 
minute, විනාඩියක්, one minute, විනාඩියක්, 
idea, අදහස, idea, 
kid, ළමයා, boy, පිරිමි ළමයා, the boy, පිරිමි ළමයා, 
body, සිරුර, body, 
information, විස්තර, details, විස්තර, 
back, ආපසු, return, ආපසු, 
parent, දෙමව්පියන්, parents, දෙමාපියන්, parents, 
face, මුහුණ, face, 
others, අන් අය, others, 
level, මට්ටමින්, level, 
office, කාර්යාල, offices, කාර්යාල, 
door, දොර, house, හවුස්, house, 
health, සෞඛ්යය, health, 
person, පුද්ගලයා, the person, පුද්ගලයාය, individual, තනි, the exclusive, සුවිශේෂී වේ, is special, විශේෂයි, special, විශේෂ, special, 
art, කලාව, art, 
war, යුද්ධය, war, 
history, ඉතිහාසය, history, 
party, පක්ෂය, party, 
result, ප්රතිඵලය, results, ප්රතිපල, results, 
change, වෙනස්, change, 
morning, උදෑසන, morning, 
reason, හේතුව, reason, 
research, පර්යේෂණ, research, 
girl, ගැහැණු ළමයා, the girl, කෙල්ල, girl, 
guy, මිනිහා, the man, මිනිසා, man, මිනිසා, 
food, ආහාර, foods, ආහාර, 
moment, මොහොත, moment, 
air, ගුවන්, air, 
teacher, ගුරු, teacher, 
force, බලවේගය, force, 
education, අධ්යාපන, educational, අධ්යාපනික, education, 
foot, පාදය, leg, පාදය, 
boy, ළමයා, boy, 
age, වයස, age, 
policy, ප්රතිපත්ති, policy, 
process, ක්රියාවලිය, the process, ක්රියාවලිය, 
music, සංගීත, music, 
market, වෙලඳපොල, market, 
sense, හැඟීමක්, feeling, හැඟීම, feeling, 
nation, ජාතිය, nation, 
plan, සැලැස්ම, plan, 
college, විදුහල, college, 
interest, උනන්දුවයි, interest, 
death, මරණ, deaths, මරණ, 
experience, අත්දැකීමක්, an experience, අත්දැකීමක්, 
effect, බලපෑමක් ඇත, there is an impact, බලපෑමක් ඇත, 
use, භාවිත, use, 
class, පන්තිය, class, 
control, පාලනය කිරීම, control, 
care, රැකබලා ගනී, take care of, බලාගන්න, take care, ප්රවේසම් වන්න, beware, පරෙස්සම් වන්න, beware, 
field, ක්ෂේත්රයයි, industry, කර්මාන්ත, industries, කර්මාන්ත, 
development, වර්ධනය, development, 
role, කාර්යභාරය, functions, කාර්යයන්, tasks, කාර්යයන්, 
effort, ප්රයත්නයකි, attempt, උත්සාහය, efforts, ප්රයත්න, efforts, 
rate, අනුපාතිකය, rate, 
heart, හදවත, the heart, හදවත, 
drug, මත්ද්රව්ය, drugs, ඖෂධ, pharmaceuticals, ඖෂධ, 
show, පෙන්වන්න, show, 
leader, නායක, leader, 
light, ආලෝකය, lighting, ආලෝකය සපයන, lighting, 
voice, හඬ, voice, 
wife, බිරිඳ, wife, 
police, පොලිසිය, the police, පොලිසිය, 
mind, මනස, mind, 
price, මිල, price, 
report, වාර්තාව, report, 
decision, තීරණ, decisions, තීරණ, 
son, පුතා, son, 
view, දැක්ම, view, 
relationship, සම්බන්ධතාවය, relationship, 
town, නගරය, city, නගරය, 
road, මාර්ග, road, 
arm, අත, community, ප්රජාව, community, 
difference, වෙනස, difference, 
value, අගය, value, 
building, ගොඩනැගිල්ල, the building, ගොඩනැගිල්ල, 
action, කටයුතු, affairs, කටයුතු, 
model, ආකෘතිය, format, ආකෘතිය, 
season, කන්නයයි, season, 
society, සමාජය, club, සමාජය, 
tax, බද්ද, tax, 
director, අධ්යක්ෂක, director, 
position, තත්ත්වය, situation, තත්ත්වය, 
player, ක්රීඩකයෙකි, player, 
record, වාර්තාව, report, වාර්තාව, 
paper, කඩදාසි, paper, 
space, අවකාශය, space, 
ground, බිම, on the floor, බිම මත, on the floor, 
form, ආකෘතිය, format, ආකෘතිය, 
event, සිදුවීමයි, incident, සිද්ධිය, incident, 
official, නිල, official, 
matter, කාරණයකි, it's good, එය හොඳයි, it's good, 
center, මධ්යස්ථානයයි, center, 
couple, යුවලක්, couple, 
site, අඩවිය, site, 
project, ව්යාපෘතියකි, project, 
activity, ක්රියාකාරිත්වය, activity, 
star, තරුව, star, 
table, වගුව, table, 
need, අවශ්යයි, need, 
court, අධිකරණය, court, 
american, ඇමෙරිකානු, us, එක්සත් ජනපදය, united states, එක්සත් ජනපදය, 
oil, තෙල්, oil, 
situation, තත්ත්වය, situation, 
cost, පිරිවැය, cost, 
industry, කර්මාන්ත, industries, කර්මාන්ත, 
figure, චරිතය, character, ස්වභාවය, nature, ස්වභාවය, 
street, වීදිය, street, 
image, රූප, image, 
phone, දුරකථන, phones, දුරකථන, 
data, දත්ත, data, 
picture, පින්තූරය, picture, 
practice, පුරුද්දකි, practice, 
piece, කෑල්ලක්, piece, 
land, ඉඞම්, lands, ඉඩම්, land, 
product, නිෂ්පාදන, product, 
doctor, වෛද්යවරිය, doctor, 
wall, බිත්තියක්, a wall, බිත්තියක්, 
patient, රෝගියා, patient, 
worker, කම්කරුවා, employee, සේවකයා, employee, 
news, පුවත්, news, 
test, පරීක්ෂණය, examination, විභාගය, examination, 
movie, සිනමා පටය, the movie, චිත්රපටිය, film, චිත්රපටය, movie, 
north, උතුරු, north, 
love, ආදරය, love, 
support, සහාය, support, 
technology, තාක්ෂණ, technology, 
step, පියවර, step, 
baby, ළදරු, baby, 
computer, පරිගණක, computers, පරිගණක, 
type, වර්ගයකි, type, 
attention, අවධානය, focus, අවධානය යොමු කරන්න, attention, 
film, චිත්රපටයකි, film, 
republican, රිපබ්ලිකන්, republican, 
tree, ගස, tree, 
source, මූලාශ්රය, source, 
organization, ආයතනය, institution, ආයතනය, 
hair, හිසකෙස්, hair, 
look, පෙනුම, the appearance, පෙනුම, 
century, සියවස, century, 
evidence, සාක්ෂි, evidence, 
window, කවුළුව, window, 
culture, සංස්කෘතිය, culture, 
chance, අවස්ථාවක්, opportunity, අවස්ථාවක්, 
brother, සහෝදරයා, brother, 
energy, බලශක්ති, energy, 
period, කාලය, time, කාලය, 
course, පාඨමාලාව, course, 
summer, ගිම්හානය, summer, 
plant, ශාකයකි, plant, 
opportunity, අවස්ථාවක්, opportunity, 
term, වාරයයි, turn, හැරෙන්න, turn, 
letter, ලිපිය, the letter, ලිපිය, 
condition, තත්වය, situation, තත්ත්වය, situation, 
choice, තේරීම, selection, තෝරා ගැනීම, selection, 
rule, නීතිය, law, නීති, law, 
daughter, දියණිය, daughter, 
administration, පරිපාලනය, administration, 
south, දකුණු, southern, දක්ෂිණ, southern, 
husband, ස්වාමිපුරුෂයා, husband, 
congress, සම්මේලනය, federation, සම්මේලනය, 
floor, මහල, floor, 
campaign, උද්ඝෝෂනය, campaign, 
material, ද්රව්යය, substance, සංයෝගය, synthesis, සංශ්ලේෂණය, synthesis, 
population, ජනගහනය, population, 
call, අමතන්න, contact, අමතන්න, 
economy, ආර්ථිකය, economy, 
hospital, රෝහල, hospital, 
church, පල්ලිය, the church, පල්ලිය, 
risk, අවදානම්, risk, 
fire, ගිනි, fire, 
future, අනාගතය, the future, අනාගතය, 
defense, ආරක්ෂක, security, ආරක්ෂක, 
security, ආරක්ෂක, security, 
bank, බැංකුව, bank, 
west, බටහිර, west, 
sport, ක්රීඩා, sports, ක්රීඩා, 
board, මණ්ඩලය, board, 
subject, විෂය, subject, 
officer, නිලධාරී, officer, 
rest, විවේක ගන්න, take rest, විවේක ගන්න, 
behavior, හැසිරීම, behavior, 
performance, කාර්ය සාධනය, performance, 
top, ඉහල, high, අධි, high, 
goal, ඉලක්කය, target, ඉලක්කය, 
second, දෙවැනි, second, 
bed, ඇඳක්, bed, 
order, නියෝග, orders, නියෝග, 
author, කර්තෘ, author, 
blood, ලේ, blood, 
agency, නියෝජිතායතනය, agency, 
nature, ස්වභාවය, nature, 
color, වර්ණ, colours, වර්ණ, 
store, ගබඩාවකි, storehouse, ගබඩාව, store, 
sound, ශබ්දය, sound, 
movement, ව්යාපාරය, business, ව්යාපාරික, business, 
page, පිටුව, page, 
race, ජාතියයි, race, 
concern, කනස්සල්ලෙනි, worried, කනස්සල්ලට පත්ව ඇත, frustrated, කලකිරී, depressed, මානසික අවපීඩනය, depression, අවපාතය, depression, 
series, මාලාවක්, series, 
language, භාෂාව, language, 
response, ප්රතිචාරය, reaction, ප්රතික්රියාව, reaction, 
animal, සත්ව, animal, 
factor, සාධකය, factor, 
decade, දශකය, decade, 
article, ලිපිය, the letter, ලිපිය, 
east, නැගෙනහිර, east, 
artist, කලාකරු, artist, 
scene, දර්ශනයකි, sight, ඇස්, eyes, ඇස්, 
stock, කොටස්, parts, කොටස්, 
career, වෘත්තිය, profession, වෘත්තිය, 
treatment, ප්රතිකාරය, treatment, 
approach, ප්රවේශය, access to, ප්රවේශය, 
size, ප්රමාණය, size, 
dog, බල්ලා, dog, 
fund, අරමුදල, fund, 
media, මාධ්ය, the media, මාධ්යය, media, 
sign, සංඥාවක්, signal, සිග්නල්, signal, 
thought, කල්පනා කළා, i thought, මම හිතුවා, i thought, 
list, ලැයිස්තුව, list, 
individual, තනි, the exclusive, සුවිශේෂී වේ, is special, විශේෂයි, special, විශේෂ, special, 
quality, ගුණාත්මක, quality, 
pressure, පීඩනය, pressure, 
answer, පිළිතුර, answer, 
resource, සම්පත, resource, 
meeting, රැස්වීම, meeting, 
disease, රෝගය, disease, 
success, සාර්ථකත්වය, success, 
cup, කුසලාන, cup, 
amount, ප්රමාණය, size, ප්රමාණය, 
ability, හැකියාව, ability, 
staff, කාර්ය මණ්ඩලය, staff, 
character, ස්වභාවය, nature, ස්වභාවය, 
growth, වර්ධනය, development, වර්ධනය, 
loss, අලාභය, loss, 
degree, උපාධිය, bachelor, උපාධිය, 
attack, ප්රහාරය, attack, 
region, කලාපයේ, region, 
television, රූපවාහිනිය, the television, රූපවාහිනිය, 
box, පෙට්ටියක්, box, 
tv, රෑපවාහිණි, tv, 
training, පුහුණුව, training, 
trade, වෙළඳ, trade, 
deal, ගනුදෙනුවක්, deal, 
election, මැතිවරණ, election, 
feeling, හැඟීමයි, feeling, 
standard, සම්මත, passed, සම්මත විය, it was passed, එය සම්මත විය, it was passed, 
bill, පනතක්, bill, 
message, පණිවුඩය, message, 
analysis, විශ්ලේෂණය, analysis, 
benefit, ප්රතිලාභය, return, ආපසු, return, 
sex, ලිංගික කාරණා, sex, 
lawyer, නීතිඥයා, lawyer, 
section, කොටස, part, කොටස, 
glass, වීදුරු, the glasses, වීදුරු, 
skill, කුසලතා, skills, නිපුණතා, skills, 
sister, සහෝදරිය, sister, 
professor, මහාචාර්ය, professor, 
operation, මෙහෙයුම්, operations, මෙහෙයුම්, 
crime, අපරාධය, crime, 
stage, අදියර, phase, අදියර, 
authority, අධිකාරිය, authority, 
design, නිර්මාණ, design, 
sort, වර්ග කිරීම, sort by, අනුව තෝරන්න, sort by, 
one, එක, one, 
knowledge, දැනුම, knowledge, 
gun, තුවක්කුව, gun, 
station, ස්ථානය, location, ස්ථානය, 
strategy, උපාය මාර්ගයකි, a strategy, ක්රමෝපායක්, strategy, 
truth, සත්යය, truth, 
song, සිංදුව, song, 
example, උදාහරණයක්, example, 
environment, පරිසරය, environment, 
leg, කකුල, leg, 
public, පොදු, general, ජනරාල්, general, 
executive, විධායක, executive, 
set, සකසා ඇත, set, 
rock, ගල්, stone, ගල්, 
note, සටහන, note, 
manager, කළමනාකරු, manager, 
help, උදව්, help, 
network, ජාල, network, 
science, විද්යාව, science, 
memory, මතකය, memory, 
card, කාඩ්පත, card, 
seat, ආසනයයි, seat, 
cell, සෛලය, cell, 
trial, නඩු විභාගය, the trial, නඩු විභාගය, 
expert, විශේෂඥයෙක්, expert, 
spring, වසන්තය, the spring, වසන්තය, 
firm, ස්ථීරයි, sure,, සැබැවින්ම,, of course,, ඇත්ත වශයෙන්,, of course,, 
democrat, ප්රජාතන්ත්රවාදියෙකි, democrat, 
radio, ගුවන් විදුලි, radio, 
management, කළමනාකරණ, management, 
ball, පන්දුව, ball, 
talk, කතා කරන්න, talk, 
theory, න්යාය, theory, 
impact, බලපෑම, impact, 
statement, ප්රකාශය, statement, 
charge, අයකෙරේ, charged, අයකරනු ලැබේ, will be charged, ගාස්තු අය කෙරේ, charges are charged, ගාස්තු අය කෙරේ, 
direction, දිශාව, direction, 
weapon, ගිනි අවියක්, a firearm, ගිනි අවියක්, 
employee, සේවකයා, employee, 
peace, සාම, peace, 
base, පදනම, foundation, පදනම, 
pain, වේදනාව, the pain, වේදනාව, 
play, සෙල්ලම් කරන්න, play, 
measure, පියවරකි, step, පියවර, step, 
interview, සම්මුඛ සාකච්ඡාවකි, an interview, සම්මුඛ පරික්ෂණයක්, interview, 
chair, පුටුවක්, a chair, පුටුවක්, 
fish, මාළු, fish, 
camera, කැමරා, cameras, කැමරා, 
structure, ව්යුහය, structure, 
politics, දේශපාලනය, politics, 
bit, ටිකක්, little, කුඩා, little, 
weight, බරයි, heavy, බර, weight, 
candidate, අපේක්ෂකයා, candidate, 
production, නිෂ්පාදනය, production, 
trip, සංචාරය, the journey, ගමන, journey, ගමන, 
evening, සවස, evening, 
conference, සම්මන්ත්රණය, conference, 
unit, ඒකකය, unit, 
style, ශෛලිය, style, 
adult, වැඩිහිටි, adult, 
range, පරාසය, range, 
past, අතීතයේ, past, 
edge, ඉස්සරහට, forward, ඉදිරියට, forward, 
writer, ලේඛකයෙක්, writer, 
trouble, කරදරයක්, trouble, 
challenge, අභියෝගය, challenge, 
fear, බිය, fear, 
shoulder, උරහිස්, shoulder, 
institution, ආයතනය, institution, 
sea, මුහුදු, sea, 
dream, සිහිනයක්, a dream, සිහිනයක්, 
bar, බාර්එක, bar, 
property, දේපල, property, 
stuff, දේවල්, things, දේවල්, 
detail, සවිස්තරාත්මකව, detail, 
method, ක්රමයකි, way, ආකාරය, way, 
magazine, සඟරාවයි, widely, පුළුල්යි, extension, ව්යාප්තිය, distribution, බෙදාහැරීම, distribution, 
hotel, හෝටල්, hotels, හෝටල්, 
soldier, සොල්දාදුවෙක්, soldier, 
cause, හේතුව, reason, හේතුව, 
bag, බෑගය, bag, 
heat, තාපය, heat, 
fall, වැටෙනවා, fall, 
marriage, විවාහ, marriage, 
surface, මතුපිට, surface, 
purpose, අරමුණ, purpose, 
pattern, රටාව, pattern, 
skin, සම, co, කෝ, where, කොහෙද?, where is?, කොහෙද?, 
agent, නියෝජිතයා, agent, 
owner, හිමිකරු, owner, 
machine, යන්ත්රය, machine, 
gas, වායුවක්, gas, 
generation, පරම්පරාවකි, generation, 
cancer, පිළිකාව, cancer, 
item, අයිතමය, item, 
reality, යථාර්ථය, reality, 
coach, පුහුණුකරුවා, coach, 
mrs, මහත්මිය, mrs., මහත්මිය., mrs., 
yard, අංගනයයි, compound, සංයුක්තය, compose, සංයුක්ත කිරීම, compounding, සංයෝග කිරීම, chemistry synergy, සිනර්ජි, synergy, synergy, 
violence, ප්රචණ්ඩත්වය, violence, 
investment, ආයෝජනය, investment, 
discussion, සාකච්ඡා, discussions, සාකච්ඡා, 
finger, ඇඟිල්ල, finger, 
garden, වත්ත, estate, වතු, estate, 
collection, එකතු, add, එකතු කරන්න, add it, එය එකතු කරන්න, add it, 
task, කාර්ය, staff, කාර්ය මණ්ඩලය, staff, 
partner, හවුල්කරුවෙකි, partner, 
kitchen, කුස්සිය, the kitchen, කුස්සිය, 
consumer, පාරිභෝගික, customer, පාරිභෝගික, 
shot, වෙඩි තියලා, shoot, වෙඩි තියන්න, shoot, 
budget, අයවැය, budget, 
painting, සිතුවම, picture, පින්තූරය, picture, 
scientist, විද්යාඥයෙක්, scientist, 
agreement, ගිවිසුම, agreement, 
capital, ප්රාග්ධනය, capital, 
mouth, මුඛය, mouth, 
victim, ගොදුරක් විය, he was a victim, ඔහු ගොදුරක් විය, he was a victim, 
newspaper, පුවත්පත, newspaper, 
threat, තර්ජනය, threat, 
responsibility, වගකීමක්, responsibility, 
attorney, නීතිඥයෙක්, lawyer, නීතිඥයා, lawyer, 
score, ලකුණු, score, 
account, ගිණුම, account, 
break, බිඳීම, cracker, ක්රැකර්, cracker, 
audience, ප්රේක්ෂක පිරිසක්, a group of viewers, නරඹන්නන් පිරිසක්, a group of visitors, නරඹන්නන් පිරිසක්, 
dinner, රාත්රී ආහාරය, dinner, 
vote, ඡන්දය, vote, 
debate, විවාදය, debate, 
citizen, පුරවැසියෙකි, citizen, 
majority, බහුතරය, majority, 
wind, සුළං, wind, 
mission, මෙහෙයුමයි, operations, මෙහෙයුම්, operations, 
customer, පාරිභෝගික, customer, 
speech, කතාවයි, story, කතාව, the story, කතාව, 
option, විකල්පය, option, 
participant, සහභාගී විය, participated, සහභාගි විය, participated, 
forest, වන, of, වල, in, තුල, in, 
video, වීඩියෝ, video, 
senate, සෙනෙට් සභාව, senate, 
reform, ප්රතිසංස්කරණයක්, reform, 
access, ප්රවේශ, access, 
restaurant, අවන්හලක්, restaurant, 
judge, විනිශ්චය කරන්න, judge, 
relation, සම්බන්ධතාවය, relationship, සම්බන්ධතාවය, 
bird, කුරුල්ලා, bird, 
opinion, මතය, view, දැක්ම, view, 
credit, ණය, debt, ණය, 
corner, කෙළවරක, end, අවසානය, end, 
version, පිටපත, version, 
safety, ආරක්ෂාව, safety, 
neighborhood, අසල්වාසී, neighborhoods, වාසස්ථාන, habitat, වාසස්ථාන, 
act, පනත, act, 
troop , හමුදා , military , හමුදා , 
income, ආදායම්, revenue, ආදායම, income, 
species, විශේෂ, special, විශේෂ, 
track, ධාවන පථය, track run, ධාවන පථය, 
hope, බලාපොරොත්තුව, hope, 
sky, අහස, heavens, ස්වර්ගය, heaven, ස්වර්ගය, 
freedom, නිදහස, freedom, 
plane, තලයයි, level, මට්ටමින්, level, 
object, වස්තුවකි, rich, පොහොසත්, rich, 
attitude, ආකල්පය, attitude, 
labor, කම්කරු, labour, කම්කරු, 
concept, සංකල්පය, concept, 
client, සේවාදායකයා, client, 
conversation, සාකච්ඡාව, talk, කතා කරන්න, talk, 
variety, විවිධත්වය, diversity, විවිධත්වය, 
turn, හැරෙන්න, turn, 
investigation, පරීක්ෂණයක්, investigation, 
researcher, පර්යේෂකයෙකි, researcher, 
press, මාධ්යය, media, මාධ්ය, the media, මාධ්යය, 
conflict, ගැටුම, conflict, 
spirit, ආත්මය, spirit, 
argument, තර්කය, the argument, තර්කය, 
camp, කඳවුරේ, camp, 
brain, මොළය, brain, 
feature, විශේෂාංගයකි, feature, 
afternoon, දහවල්, noon, දහවල්, 
weekend, සති අන්තය, weekend, 
possibility, හැකියාවක් ඇත, there is a possibility, හැකියාවක් පවතී, there is a possibility, 
insurance, රක්ෂණ, insurance, 
department, ෙදපාර්තෙම්න්තුෙව්, department, 
battle, සටනක්, fight, සටන, fight, 
beginning, ආරම්භය, start, ආරම්භ කරන්න, start, 
date, දිනය, date, 
crisis, අර්බුදය, crisis, 
fan, රසිකයෙක්, fan, 
hole, කුහරය, hole, 
element, මූලද්රව්යය, element, 
vision, දැක්ම, view, දැක්ම, 
status, තත්ත්වය, situation, තත්ත්වය, 
ship, නැව, ship, 
solution, විසඳුමක්, solution, 
stone, ගල්, stone, 
scale, පරිමාණ, scale, 
university, විශ්ව විද්යාලය, university of, විශ්ව විද්යාලය, 
driver, රියදුරු, driver, 
attempt, උත්සාහයක්, effort, වෑයම, effort, 
park, උද්යානය, park, 
spot, තැනක්, a place, තැනක්, 
lack, හිඟකමයි, relative lack of, සාපේක්ෂව අඩු වීම, relatively fewer, සාපේක්ෂවම අඩුවෙන්, comparatively less, සාපේක්ෂ වශයෙන් අඩුය, relatively low, සාපේක්ෂ වශයෙන් අඩුය, 
ice, අයිස්, ice, 
boat, බෝට්ටුවක්, a boat, බෝට්ටුවක්, 
sun, හිරු, sun, 
distance, දුරක්, far, ඈත, far, 
wood, දැව, timber, දැව, 
truck, ට්රක් රථයක්, a truck, ට්රක් එකක්, a truck, 
return, ආපසු, return, 
mountain, කන්දයි, mountain, 
survey, මිනුම්, measurement, මිනුම්, 
tradition, සම්ප්රදායක්, tradition, 
winter, ශීත ඍතුවේ, winter, 
village, ගම, gama, ගම, 
sales, අලෙවි, marketing, අලෙවි, 
communication, සන්නිවේදන, communication, 
run, දුවනවා, run, 
screen, තිරය, screen, 
resident, පදිංචිකරුවෙකි, resident, 
gold, රන්, gold, 
club, සමාජයයි, club, 
farm, ගොවිපල, farm, 
increase, ඉහළ, high, අධි, high, 
middle, මැද, middle, 
presence, පැවැත්ම, survival, සුරක්ෂිතතාව, security, ආරක්ෂක, security, 
district, දිසා, district, 
shape, හැඩය, shape, 
reader, පාඨකයා, reader, 
ms, මෙනෙවිය, ms., මෙනෙවිය., miss., මිස්ටර්, mr., මහතා., said., ප්රකාශ කළා., speaking., කතා කරමින්., speaking., 
contract, කොන්ත්රාත්තුව, contract, 
crowd, සමූහයා ය, the crowd, ජන සමූහය, the mass crowd, ජන සමූහයා, the crowd, 
apartment, මහල් නිවාස, apartments, මහල් නිවාස, 
strength, ශක්තිය, strength, 
band, කලාපයයි, zone, කලාපය, region, කලාපයේ, region, 
horse, අශ්වයායි, horse, 
target, ඉලක්කය, target, 
prison, බන්ධනාගාර, prisons, බන්ධනාගාර, 
guard, ආරක්ෂකයෙක්, guard, 
demand, ඉල්ලුම, demand, 
reporter, වාර්තාකරු පවසයි, reporter says, වාර්තාකරු පවසයි, 
text, පෙළ, gallery, ගැලරිය, gallery, 
share, බෙදාගන්න, share, 
tool, මෙවලමකි, tool, 
vehicle, වාහන, vehicles, වාහන, 
flight, ගුවන් යානයයි, the flight, ගුවන් යානය, the plane, ගුවන් යානය, 
facility, පහසුකම්, facilities, පහසුකම්, 
understanding, අවබෝධය, understanding, 
advantage, වාසිදායකය, footprint, පියසටහන්, footprint, 
leadership, නායකත්වය, leader, නායක, leader, 
pound, පවුම, pound, 
basis, පදනම, foundation, පදනම, 
guest, අමුත්තන්ගේ, guest, 
sample, නියැදියකි, samples, නියැදි, sample, 
block, බ්ලොක් එකක්, a block, බ්ලොක් එකක්, 
protection, ආරක්ෂාව, safety, ආරක්ෂාව, 
while, සිටියහ, present, වර්තමානය, today, අද, today, 
identity, අනන්යතාවය, identity, 
title, ශීර්ෂය, head, හිස, head, 
lesson, පාඩම, lesson, 
faith, විශ්වාසය, trust, විශ්වාසය, 
river, ගඟේ, river, 
living, ජීවන, life, ජීවිතය, life, 
technique, තාක්ෂණය, technology, තාක්ෂණ, technology, 
path, මාර්ගය, road, මාර්ග, road, 
ear, කන, ear, 
shop, සාප්පු, shops, සාප්පු, 
folk, ජනක, generators, උත්පාදක, generators, 
principle, මූලධර්මයයි, doctrine, මූලධර්මයකි, principles, මූලධර්ම, principles, 
border, දේශ සීමාව, the border, සීමාව, limit, සීමාව, 
competition, තරඟ, competitive, තරඟකාරී, competitive, 
claim, හිමිකම, copyright, කතුහිමිකම, copyright, 
equipment, උපකරණ, equipment, 
critic, විචාරකයෙකි, critic, 
aspect, අංශයකි, core, core, 
failure, අසාර්ථකයි, fail, අසමත් විය, failed, අසමත් විය, 
christmas, නත්තල්, christmas, 
comment, අදහස් දැක්වීය, he commented, ඔහු පැවසීය, he said, ඔහු කිව්වා, he said, 
affair, පෙම් කිරීම, loving, ආදරණීයයි, lovely, ලව්ලි, lovely, 
procedure, පටිපාටිය, procedure, 
chairman, සභාපති, chairman, 
baseball, බේස්බෝල්, baseball, 
egg, බිත්තරය, egg, 
belief, විශ්වාසයක්, trust, විශ්වාසය, trust, 
murder, ඝාතනය කිරීම, murder, 
gift, තෑග්ගක්, a gift, තෑග්ගක්, 
religion, ආගම, religion, 
review, සමාලෝචනයකි, overview, සමාලෝචනය, review, 
editor, සංස්කරණය හෝ, edit or, සංස්කරණය හෝ, 
coffee, කෝපි, coffee, 
document, ලේඛනය, document, 
speed, වේගය, speed, 
influence, බලපෑම, impact, බලපෑම, 
youth, තරුණ, young, තරුණ, 
wave, රැල්ලයි, wave, 
move, චලනය, motion, යෝජනාව, the proposal, යෝජනාව, 
quarter, කාර්තුවේ, quarter, 
background, පසුබිම, background, 
reaction, ප්රතික්රියාව, reaction, 
suit, ඇඳුමයි, dress, ඇඳුම, dress, 
perspective, ඉදිරිදර්ශනයකි, perspective, 
construction, ඉදිකිරීම, construction, 
intelligence, බුද්ධිය, intelligence, 
connection, සම්බන්ධතාවය, relationship, සම්බන්ධතාවය, 
shoe, සපත්තු, shoes, පාවහන්, footwear, පාවහන්, 
grade, ශ්රේණියේ, grade, 
context, සන්දර්භය, context, 
committee, කමිටු, committee, 
mistake, වැරැද්දක්, wrong with, වැරදියි, false, වැරදියි, 
focus, අවධානය යොමු කරයි, attention, අවධානය, focus, 
smile, සිනහව, smile, 
location, ස්ථානය, location, 
clothes, ඇඳුම්, clothes, 
neighbor, අසල්වැසියා, neighbor, 
drive, ධාවකය, drive, 
function, ශ්රිතය, function, 
bone, අස්ථි, bone, 
average, සාමාන්යය, average, 
wine, වයින්, wine, 
voter, ඡන්දදායකයෙක්, voters, ඡන්දදායකයෝ, voters, 
means, අදහස් කරයි, intends, අදහස් කරයි, 
learning, ඉගෙනීම, learning, 
bus, බස්, buses, බස්, 
hell, නිරය, hell, 
category, වර්ගය, type, වර්ගයකි, type, 
victory, ජයග්රහණයකි, success, සාර්ථකත්වය, success, 
key, යතුර, key, 
visit, සංචාරය, the journey, ගමන, journey, ගමන, 
internet, අන්තර්ජාල, internet, 
medicine, වෛද්ය විද්යාව, medicine, 
tour, සැරිය, tour, 
photo, ඡායා රූප, photo, 
finding, සොයා ගැනීම, turn up, සොයා ගැනීම, 
classroom, පන්ති කාමරය, class room, පන්ති කාමරය, 
contact, අමතන්න, contact, 
justice, යුක්තිය, justice, 
pair, යුගලය, pair, 
exercise, ව්යායාමයකි, exercise, 
knee, දණහිස, knee, 
flower, මල, flower, 
tape, ටේප්, tape, 
supply, සැපයුම, supply, 
cut, කපා ඇත, cut off, විසන්ධි කරනවා, cut off, 
will, කැමැත්තයි, willing, කැමැත්තෙන්, willing, 
actor, නළුවා, actor, 
birth, උපත, birth, 
search, සෙවීම, search, 
democracy, ප්රජාතන්ත්රවාදය, democracy, 
circle, රවුමකි, round, වටය, round, 
device, උපාංගය, device, 
progress, ප්රගතිය, progress, 
front, පෙරමුනේ, front, 
bottom, පතුලේ, the bottom, පතුල, bed, ඇඳක්, bed, 
island, දිවයින, island, 
exchange, හුවමාරුව, exchange, 
studio, ශබ්දාගාර, studio, 
lady, කාන්තාව, woman, කාන්තාවක්, a woman, කාන්තාවක්, 
colleague, සගයා වේ, my friend, මගේ මිතුරා, my friend, 
application, අයදුම්පත, application, 
neck, බෙල්ල, neck, 
damage, හානි, damages, හානි, 
plastic, ප්ලාස්ටික්, plastic, 
plate, තහඩුව, plate, 
writing, ලේඛන, documents, ලියකියවිලි, documents, 
start, ආරම්භ කරන්න, start, 
expression, ප්රකාශනයකි, published, ප්රකාශයට පත් කරන ලදි, published, 
football, පාපන්දු, football, 
chicken, කුකුල් මස්, chicken, 
army, හමුදා, army, 
abuse, අපයෙදුම්, abuse, 
theater, රංග ශාලාව, the theater, රඟහල, theater, 
map, සිතියමයි, map, 
session, වාරය, season, කන්නය, season, 
danger, අනතුර, accident, අනතුරු, accidents, අනතුරු, 
literature, සාහිත්යය, literature, 
rain, වැසි, showers, වැසි, 
desire, ආශාවයි, desire, 
assessment, තක්සේරුව, assessment, 
injury, තුවාලය, wound, තුවාලය, 
respect, ගෞරවය, honor, ගෞරවය, 
fuel, ඉන්ධන, fuel, 
leaf, කොළ, green, කොළ, 
instruction, උපදෙස්, instructions, උපදෙස්, 
fight, සටන් කරන්න, fight, 
pool, තටාකය, pool, 
lead, නායකත්වය, leader, නායක, leader, 
engine, එන්ජින්, engines, එන්ජින්, 
salt, ලුණු, salt, 
importance, වැදගත්කම, importance, 
metal, ලෝහය, the metal, ලෝහය, 
fat, මේදය, fat, 
ticket, ටිකට් පතක්, a ticket, ටිකට් පතක්, 
software, මෘදුකාංග, software, 
lip, ගෑවෙමි, gettysburg, ගෙත්ස්බර්ග්, getsbarg, ගෙත්ස්බර්ග්, 
reading, කියවීම, reading, 
lunch, දිවා ආහාරය, lunch, 
farmer, ගොවියා, farmers, ගොවීන්, farmers, 
sugar, සීනි, sugar, 
planet, ග්රහලෝකය, planet, 
enemy, සතුරා, the enemy, සතුරා, 
athlete, ක්රීඩකයෙකි, player, ක්රීඩකයා, player, 
soul, ආත්මය, spirit, ආත්මය, 
panel, කමිටුවයි, committee, කමිටු, committee, 
meaning, අර්ථය, meaning, 
mom, අම්මා, mother, මව, mother, 
instrument, උපකරණයකි, device, උපකරණය, equipment, උපකරණ, equipment, 
weather, කාලගුණය, weather, 
commitment, කැපවීම, commitment, 
pocket, සාක්කුවේ, pocket, 
temperature, උෂ්ණත්වය, temperature, 
surprise, පුදුමයට කරුණකි, surprisingly, පුදුමයි, amazing, අරුම පුදුම, wonderful, පුදුමයි, 
poll, ඡන්දය, vote, ඡන්දය, 
proposal, යෝජනාව, the proposal, යෝජනාව, 
consequence, ප්රතිඵලය, results, ප්රතිපල, results, 
half, අඩක්, half, 
breath, හුස්මක්, breath, 
sight, පෙනෙන්නට තිබේ, it seems, පෙනෙන අයුරින්, in apparent way, පෙනෙන විදිහට, apparently, පෙනෙන විදිහට, 
cover, ආවරණයකි, cover, 
balance, ශේෂය, balance, 
minority, සුළුතරයකි, minority, 
works, කටයුතු, affairs, කටයුතු, 
teaching, ඉගැන්වීමයි, teaching, 
aid, ආධාරය, support, සහාය, support, 
advice, උපදෙස්, instructions, උපදෙස්, 
photograph, ඡායාරූපයක්, photo, ඡායා රූප, photo, 
trail, ගමන, journey, ගමන, 
novel, නවකතාවයි, storybook, කතන්දර පොත, story book, කතන්දර පොත, 
code, කේතය, code, 
jury, ජූරි සභාවයි, jury council, ජූරි සභාවක්, a jury committee, ජූරි කමිටුවක්, a jury committee, 
breast, පියයුරු, breast, 
human, මිනිස්, human, 
theme, තේමාව, theme, 
storm, කුනාටුව, typhoon, ටයිෆූන්, typhoon, 
union, සංගමය, association, සංගමය, 
desk, මේසය, the table, මේසය, 
thanks, ස්තූතියි, thanks, 
fruit, පලතුරු, fruits, පළතුරු, fruit, 
conclusion, නිගමනය විය, the conclusion was, නිගමනය විය, 
shadow, සෙවණැල්ලයි, shadow, 
analyst, විශ්ලේෂකයෙකි, analyst, 
dance, නටන්න, dance, 
limit, සීමාව, limit, 
regulation, නියාමනය, regulation, 
being, වීම, to, දක්වා, to, 
ring, වලල්ල, ring in, රිංගා, slip, ස්ලිප්, slips, ස්ලිප්, 
revenue, ආදායම, income, ආදායම්, revenue, 
county, ප්රාන්තයකි, county, 
appearance, පෙනුම, the appearance, පෙනුම, 
package, පැකේජය, package, 
difficulty, අපහසුයි, difficult, දුෂ්කර, difficult, 
bridge, පාලම, bridge, 
train, දුම්රිය, train, 
e-mail, විද්යුත් තැපෑල, email, විද්යුත් තැපෑල, 
thinking, සිතීමයි, elijah felt, එලියා දැන සිටියා, elijah knew, එලියා දැන සිටියාය, elijah knew, 
trend, ප්රවණතාවය, trend, 
visitor, ආගන්තුකය, guest, අමුත්තන්ගේ, guest, 
loan, ණය, debt, ණය, 
investor, ආයෝජකයා වේ, the investor, ආයෝජකයා, investor, 
profit, ලාභයක්, profit, 
crew, කාර්ය මණ්ඩලය, staff, කාර්ය මණ්ඩලය, 
accident, අනතුරක්, an accident, අනතුරක්, 
male, පිරිමි, men, මිනිසුන්, people, මහජන, people, 
meal, ආහාර වේලක්, a meal, ආහාර වේලක්, 
hearing, ඇසීමි, i heard, මට ඇහුනා, i heard, 
traffic, තදබදයයි, traffic, 
muscle, පේශි, muscle, 
notion, සංකල්පය, concept, සංකල්පය, 
earth, පොළොවේ, earth, 
chest, පපුව, chest, 
cash, මුදල්, cash, 
museum, කෞතුකාගාරය, museum, 
beauty, අලංකාරය, beauty, 
emergency, හදිසි, emergency, 
stress, ආතතිය, tension, ආතතිය, 
content, අන්තර්ගතය, contents, අන්තර්ගතය, 
root, root, 
nose, නාසය, nose, 
bottle, බෝතලයයි, rolled out, නිමා විය, it's over, එය හමාරයි, it's over, 
setting, සැකසුම, processing, සැකසුම, 
dress, ඇඳුම, dress, 
file, ගොනුව, file, 
outcome, ප්රතිඵලයයි, result, ප්රතිඵලය, results, ප්රතිපල, results, 
ad, දැන්වීම, share, බෙදාගන්න, share, 
duty, යුතුකමකි, duty, 
sheet, පත්රය, sheet, 
extent, ප්රමාණය, size, ප්රමාණය, 
component, සංරචකයකි, component, 
contrast, ප්රතිවිරුද්ධයයි, mexican, මෙක්සිකානු, mexican, 
zone, කලාපය, region, කලාපයේ, region, 
airport, ගුවන් තොටුපොළ, airport, 
chief, ප්රධාන, main, ප්රධාන, 
shirt, කමිසය, shirt, 
pilot, නියමුවා, pilot, 
cat, බළලා, cat, 
contribution, දායකත්වය, contribution, 
capacity, ධාරිතාව, capacity, 
estate, වතු, estate, 
guide, මගපෙන්වීම, guidance, මාර්ගෝපදේශය, guide, 
circumstance, තත්ත්වයකි, condition, තත්වය, situation, තත්ත්වය, situation, 
snow, හිම, snow, 
politician, දේශපාලනඥයෙක්, politician, 
percentage, ප්රතිශතයකි, percentage, 
meat, මස්, meat, 
soil, පාංශු, soil, 
surgery, ශල්ය කර්මයකි, it's a surgery, ඒක ශල්යකර්මයක්, it's an operation, ඒක මෙහෙයුමක්, it's a mission, ඒක මෙහෙවරක්, it's a mission, 
basketball, පැසිපන්දු, basketball, 
golf, ගොල්ෆ්, golf, 
chain, දාමයකි, chain, 
address, ලිපිනය, address, 
branch, ශාඛාව, branch, 
combination, සංයෝජනයකි, combination, 
governor, ආණ්ඩුකාර, governor, 
relief, සහන, relief, 
user, පරිශීලක, user, 
dad, තාත්තා, father, පියා, father, 
manner, ආකාරයකි, form, ආකෘතිය, format, ආකෘතිය, 
silence, නිශ්ශබ්දතාව, silence, 
rating, ශ්රේණිගත කිරීමකි, ranking, ශ්රේණිගත කිරීම, management ranking, කළමනාකරණ ශ්රේණිගත කිරීම, management ranking, 
motion, චලනය, motion, 
gender, ස්ත්රී පුරුෂ භාවය, sex. sex, ලිංගික කාරණා. ලිංගික කාරණා, sex. sex, 
fee, ගාස්තු, charges, ගාස්තු, 
landscape, භූ දර්ශනයකි, a landscape, භූ දර්ශනයක්, landscape, 
bowl, පාත්රයයි, receptacle, ප්රතිසන්ධානය, reconciliation, ප්රතිසන්ධානය, 
frame, රාමුවකි, framework, රාමුව, framework, 
host, සත්කාරකය, host, 
hall, ශාලාව, hall, 
ocean, සාගරය, the ocean, සාගරය, 
row, පේළිය, line, රේඛාව, line, 
producer, නිෂ්පාදකයෙක්, producer, 
regime, පාලන තන්ත්රය, the regime, තන්ත්රය, regime, 
division, අංශයේ, sector, අංශය, section, අංශය, 
appeal, ආයාචනයකි, appeal, 
mirror, කැඩපත, mirror, 
tooth, දත, tooth, 
length, දිග, length, 
topic, මාතෘකාවකි, topics, මාතෘකා, theme, තේමාව, theme, 
variable, විචල්ය, variable, 
telephone, දුරකථන, phones, දුරකථන, 
perception, සංජානනයයි, perception, 
confidence, විශ්වාසය, trust, විශ්වාසය, 
bedroom, නිදන කාමරය, bedroom, 
secret, රහස්ය, confidential, රහස්ය, 
debt, ණය, debt, 
tank, ටැංකිය, tank, 
nurse, හෙදියක්, nurse, 
coverage, ආවරණයකි, cover, ආවරණ, coverage, 
opposition, විපක්ෂ, the opposition, විපක්ෂය, opposition, 
bond, බැඳීමක්, bond, 
pleasure, සතුටක්, nice, හොඳයි, good, යහපත, good, 
master, ස්වාමියා, master, 
era, යුගයක් ඇත, there is an era, යුගයක් පවතී, there is an era, 
requirement, අවශ්යතාවයකි, need, අවශ්යයි, need, 
check, චෙක් පත, checks, චෙක්පත්, checks, 
stand, ස්ථාවරය, stance, ස්ථාවරය, 
fun, විනෝද, recreation, විනෝදය, entertainment, විනෝදාස්වාදය, entertainment, 
expectation, අපේක්ෂාවයි, expects, අපේක්ෂා කරයි, expected, අපේක්ෂා කෙරේ, expected, 
wing, අංශය, section, අංශය, 
struggle, අරගලය, struggle, 
judgment, විනිශ්චය, judge, විනිසුරු, judge, 
beer, බියර්, beer, 
english, ඉංග්රීසි, english, 
reference, නිර්දේශනයකි, recommendations, නිර්දේශ, recommendation, නිර්දේශය, recommendation, 
tear, කඳුළු, tears, කඳුළු, 
doubt, සැකයක් නැත, no doubt, කිසිදු සැකයක් නැහැ, no doubt, 
minister, ඇමැති, minister, 
hero, වීරයා, man, මිනිසා, man, 
cloud, වලාකුළකි, cloud, 
winner, ජයග්රාහකයා විය, the winner, ජයග්රාහකයා, the winner, 
volume, පරිමාවයි, covered, ආවරණය, coverage, ආවරණය, 
travel, ගමන්, travel, 
seed, බීජ, seed, 
fashion, විලාසිතා, fashion, 
pepper, ගම්මිරිස්, pepper, 
intervention, මැදිහත් වීමක්, intervention, 
copy, පිටපත, version, පිටපත, 
tip, ඉඟියකි, little, කුඩා, little, 
welfare, සුබසාධන, welfare, 
vegetable, එළවළු, vegetable, 
dish, ඩිෂ්, dish, 
beach, වෙරළ, beach, 
improvement, වැඩිදියුණු කිරීමකි, an improvement, වැඩිදියුණු කිරීම, improving, දියුණු කිරීම, development, සංවර්ධනය, development, 
opening, විවෘත, open, විවෘත, 
route, මාර්ගය, road, මාර්ග, road, 
league, ලීග්, league, 
core, හරය, core, 
rise, ඉහළ, high, අධි, high, 
tie, ටයි පටියක්, tie up, ගැට ගහන්න, tie up, 
holiday, නිවාඩු දිනයක්, holiday, 
resolution, යෝජනාව, the proposal, යෝජනාව, 
household, ගෘහස්තය, indoor, ගෘහස්ථ, household, 
abortion, ගබ්සා කිරීම, abortion, 
witness, සාක්ෂි දරයි, bearing witness, සාක්ෂි දැරීම, witnessing, සාක්ෂි දැරීම, 
sector, අංශය, section, අංශය, 
representative, නියෝජිතයා ය, the agent, නියෝජිතයා, agent, නියෝජිතයා, 
black, කලු, black, 
incident, සිද්ධිය, incident, 
flow, ගලනවා, bleeding, වෑස්සීම, vǣssīma, විසුමි, funny, funny, 
faculty, පීඨය, faculty, 
waste, කසළ, waste, 
mass, ස්කන්ධය, mass, 
experiment, අත්හදා බැලීමකි, it's a trial, එය අත්හදා බැලීමක්, it's a trial, 
bomb, බෝම්බය, bomb, 
tone, තානය, tone, 
engineer, ඉංජිනේරු, engineer, 
wheel, රෝදය, the wheel, රෝදය, 
female, කාන්තාවකි, woman, කාන්තාවක්, a woman, කාන්තාවක්, 
promise, පොරොන්දු වෙනවා, promise, 
cable, කේබල්, cable, 
aids, ආධාරක වේ, support is, සහාය යනු, help is, උදව්වක්, help, උදව්, help, 
jew, ජවිපෙ, the jvp, ජවිපෙ, 
cream, කීම්, cream, 
secretary, ලේකම්, secretary, 
gate, ගේට්ටුව, gate, 
hill, කඳුකරය, hills, කඳුකරය, 
noise, ශබ්දය, sound, ශබ්දය, 
grass, තෘණ, grass, 
hat, තොප්පි, hats, හිස්, heads, ප්රධානීන්, heads, 
legislation, ව්යවස්ථාවයි, law, නීති, law, 
achievement, ජයග්රහණයකි, success, සාර්ථකත්වය, success, 
fishing, මාඵ ඇල්ලීම, fishing, 
drink, බීම, beverages, පාන, catering, කේටරින්, catering, 
talent, කුසලතා, skills, නිපුණතා, skills, 
taste, රස, taste, 
characteristic, ලක්ෂණයකි, feature, විශේෂාංගය, feature, 
milk, කිරි, milk, 
sentence, වාක්යය, sentence, 
height, උස, height, 
physician, වෛද්යවරයෙක්, doctor, වෛද්යවරයා, doctor, 
sleep, නිදාගන්න, sleep, 
ride, ගමන යති, they're on their way, ඔවුන් දැන් යමින් සිටිනවා, they are now on their way, දැන් ඔවුන් දැන් යමින් සිටිනවා, now they are going, දැන් ඔවුන් යනවා, now they go, දැන් ඔවුන් යනවා, 
explanation, පැහැදිලි කිරීමකි, an explanation, පැහැදිලි කිරීමක්, an explanation, 
campus, විශ්ව විද්යාලය, university of, විශ්ව විද්යාලය, 
potential, විභවය, potential, 
immigrant, සංක්රමනිකයෙකි, saṁkramanikayeki, සක්ක්රමැන්නිකේකි, sakkramænnikēki, ශාක්ක්රමේන්කැකි, śākkramēnkæki, śākkramēnkæki, 
alternative, විකල්ප, options, විකල්ප, 
interaction, අන්තර්ක්රියා, interactions, අන්තර්ක්රියා, 
column, තීරුවයි, toolbar, මෙවලම් තීරුව, toolbar, 
personality, පෞරුෂත්වයයි, manhood, පිරිමියෙක්, man, මිනිසා, man, 
signal, සංඥාවක්, signal, 
curriculum, විෂය මාලාවයි, the curriculum, විෂය මාලාව, curriculum, 
honor, ගෞරවය, honor, 
passenger, මගී, passenger, 
assistance, සහාය, support, සහාය, 
association, සංගමය, association, 
lab, විද්යාගාරය, lab, 
offer, පිරිනමනවා, offer, 
criticism, විවේචනය කිරීමයි, criticizing, විවේචනය කිරීම, criticizing, 
asset, වත්කම, assets, වත්කම්, assets, 
depression, අවපාතය, depression, 
journalist, මාධ්යවේදියා, journalist, 
prayer, යාච්ඤාව, prayer, 
scholar, විද්වතෙක්, expert, විශේෂඥයෙක්, expert, 
warning, අනතුරු ඇඟවීමකි, a warning, අනතුරු ඇඟවීමක්, a warning, 
climate, දේශගුණය, weather, කාලගුණය, weather, 
cheese, චීස්, cheese, 
observation, නිරීක්ෂණය කිරීම, observation, 
childhood, ළමාවිය, childhood, 
payment, ගෙවීම, payment, 
sir, සර්, sir, 
cigarette, සිගරට් එකක්, a cigarette, සිගරට් එකක්, 
definition, අර්ථකථනයකි, definition, 
priority, ප්රමුඛතාවය, priority, 
bread, පාන්, bread, 
creation, මැවීම, creation, 
graduate, උපාධිධාරියා, graduate, 
request, ඉල්ලීම, request, 
emotion, හැඟීමයි, feeling, හැඟීම, feeling, 
