time, ጊዜ, time, 
year, አመት, year, 
people, ሰዎች, people, 
way, መንገድ, way, 
day, ቀን, day, 
man, ሰው, man, 
thing, ነገር, thing, 
woman, ሴት, woman, 
life, ሕይወት, life, 
child, ልጅ, son, ወንድ ልጅ, son, 
world, ዓለም, the world, ዓለም, 
school, ትምህርት ቤት, school, 
state, ግዛት, state, 
family, ቤተሰብ, family, 
student, ተማሪ, student, 
group, ቡድን, group, 
country, አገር, country, 
problem, ችግር, problem, 
hand, በእጅ, manual, መመሪያ, instructions, መመሪያዎች, instructions, 
part, ክፍል, section, ክፍል, 
place, ቦታ, place, 
case, ጉዳይ, issue, ርዕሰ ጉዳይ, subject, ርዕሰ ጉዳይ, 
week, ሳምንት, week, 
company, ኩባንያ, company, 
system, ስርዓት, system, 
program, ፕሮግራም, program, 
question, ጥያቄ, question, 
work, ሥራ, work, 
government, መንግስታዊ, government, 
number, ቁጥር, number, 
night, ለሊት, night, 
mr, አቶ, aunt, አክስት, aunt, 
point, ነጥብ, point, 
home, ቤት, at home, ቤት ውስጥ, at home, 
water, ውሃ, water, 
room, ክፍል, section, ክፍል, 
mother, እናት, mother, 
area, አካባቢ, area, 
money, ገንዘብ, money, 
story, ታሪክ, history, ታሪክ, 
fact, እውነታ, reality, እውነታ, 
month, ወር, month, 
lot, ዕጣ, lot, 
right, ቀኝ, right, 
study, ጥናት, study, 
book, መጽሐፍ, book, 
eye, ዓይን, eye, 
job, ስራ, work, ስራ, 
word, ቃል, word, 
business, ንግድ, business, 
issue, ርዕሰ ጉዳይ, subject, ርዕሰ ጉዳይ, 
side, ጎን, sideways, ጎኖች, sides, ጎኖች, 
kind, ደግ, good, ጥሩ, cool, ጥሩ, 
head, ራስ, head, 
house, ቤት, at home, ቤት ውስጥ, at home, 
service, አገልግሎት, service, 
friend, ጓደኛ, friend, 
father, አባት, father, 
power, ኃይል, power, 
hour, ሰአት, hour, 
game, ጨዋታ, game, 
line, መስመር, line, 
end, ጨርስ, finish, ጨርስ, 
member, አባል, member, 
law, ሕግ, law, 
car, መኪና, car, 
city, ከተማ, city, 
community, ማህበረሰብ, community, 
name, ስም, name, 
president, ፕሬዚደንት, president, 
team, ቡድን, group, ቡድን, 
minute, ደቂቃ, minute, 
idea, ሐሳብ, idea, 
kid, ልጅ, son, ወንድ ልጅ, son, 
body, አካል, body, 
information, መረጃ, information, 
back, ጀርባ, background, ጀርባ, 
parent, ወላጅ, parent, 
face, ፊት, face, 
others, ሌሎች, others, 
level, ደረጃ, step, ደረጃ, 
office, ቢሮ, office, 
door, በር, gate, በር, 
health, ጤና, health, 
person, ግለሰብ, individual, ግለሰብ, 
art, ሥነ ጥበብ, art, 
war, ጦርነት, war, 
history, ታሪክ, history, 
party, ድግስ, party, 
result, ውጤት, result, 
change, ለውጥ, change, 
morning, ጠዋት, morning, 
reason, ምክንያት, reason, 
research, ምርምር, research, 
girl, ሴት ልጅ, daughter, ሴት ልጅ, 
guy, ወንዴ, male, ወንድ, male, 
food, ምግብ, food, 
moment, አፍታ, just a moment, አንዴ, one, አንድ, one, 
air, አየር, air, 
teacher, መምህር, teacher, 
force, ኃይል, power, ኃይል, 
education, ትምህርት, education, 
foot, እግር, foot, 
boy, ወንድ, male, ወንድ, 
age, እድሜ, age, 
policy, መመሪያ, instructions, መመሪያዎች, instructions, 
process, ሂደት, process, 
music, ሙዚቃ, rock me, ሙዚቃ, 
market, ገበያ, market, 
sense, ስሜት, feeling, ስሜት, 
nation, አገር, country, አገር, 
plan, ዕቅድ, plan, 
college, ኮሌጅ, college, 
interest, ወለድ, interest, 
death, ሞት, death, 
experience, ተሞክሮ, experience, 
effect, ውጤት, result, ውጤት, 
use, መጠቀም, to use, ለመጠቀም, to use, 
class, ክፍል, section, ክፍል, 
control, መቆጣጠር, control, 
care, እንክብካቤ, care, 
field, መስክ, field, 
development, ልማት, development, 
role, ሚና, role, 
effort, ጥረት, effort, 
rate, ደረጃ, step, ደረጃ, 
heart, ልብ, heart, 
drug, መድሃኒት, medicine, ሕክምና, treatment, ሕክምና, 
show, አሳይ, show, 
leader, መሪ, leader, 
light, ብርሀን, light, 
voice, ድምጽ, audio, ኦዲዮ, audio, 
wife, ሚስት, wife, 
police, ፖሊስ, police, 
mind, አእምሮ, mind, 
price, ዋጋ, price, 
report, ሪፖርት, report, 
decision, ውሳኔ, decision, 
son, ወንድ ልጅ, son, 
view, እይታ, view, 
relationship, ግንኙነት, relationships, ግንኙነቶች, relationships, 
town, ከተማ, city, ከተማ, 
road, መንገድ, way, መንገድ, 
arm, ክንድ, arm, 
difference, ልዩነት, difference, 
value, እሴት, value, 
building, ሕንፃ, building, 
action, ድርጊት, action, 
model, ሞዴል, model, 
season, ወቅታዊ, seasonal, ወቅታዊ, 
society, ማህበረሰብ, community, ማህበረሰብ, 
tax, ግብር, taxes, ግብሮች, taxes, 
director, ዳይሬክተር, director, 
position, አቀማመጥ, layout, አቀማመጥ, 
player, ተጫዋች, player, 
record, መዝገብ, record, 
paper, ወረቀት, paper, 
space, ቦታ, place, ቦታ, 
ground, መሬት, land, መሬት, 
form, ቅጽ, form, 
event, ክስተት, event, 
official, ባለስልጣን, authority, ባለሥልጣን, authority, 
matter, ቁስ አካል, material, ቁሳዊ, material, 
center, ማዕከላዊ, central, ማዕከላዊ, 
couple, ጥንዶች, couples, ጥንዶች, 
site, ጣቢያ, site, 
project, ፕሮጀክት, project, 
activity, እንቅስቃሴ, activity, 
star, ኮከብ, star, 
table, ሰንጠረዥ, table, 
need, አስፈላጊ, important, አስፈላጊ, 
court, ፍርድ ቤት, court, 
american, አሜሪካ, united states, የተባበሩት መንግስታት, united nations, የተባበሩት መንግስታት, 
oil, ዘይት, oil, 
situation, ሁኔታ, status, ሁኔታ, 
cost, ወጪ, cost, 
industry, ኢንዱስትሪ, industry, 
figure, ምስል, image, ምስል, 
street, ጎዳና, road, መንገድ, way, መንገድ, 
image, ምስል, image, 
phone, ስልክ, phone, 
data, ውሂብ, data, 
picture, ፎቶ, photo, ፎቶግራፍ, photography, ፎቶግራፍ, 
practice, ልምምድ, practice, 
piece, እቃ, item, ንጥል, item, 
land, መሬት, land, 
product, ምርት, production, ምርት, 
doctor, ሐኪም, doctors, ሐኪሞች, doctors, 
wall, ግድግዳ, wall, 
patient, ታካሚ, patient, 
worker, ሠራተኛ, worker, 
news, ዜና, news, 
test, ሙከራ, experiment, ሙከራ, 
movie, ፊልም, movie, 
north, ሰሜን, north, 
love, ፍቅር, love, 
support, ድጋፍ, support, 
technology, ቴክኖሎጂ, technology, 
step, እርምጃ, action, ተግባር, function, ተግባር, 
baby, ህጻን, baby, 
computer, ኮምፒተር, computer, 
type, ተይብ, type, 
attention, ትኩረት, focus, ትኩረት, 
film, ፊልም, movie, ፊልም, 
republican, ሪፐብሊካን, republican, 
tree, ዛፍ, tree, 
source, ምንጩ, source, 
organization, ድርጅት, organization, 
hair, ፀጉር, hair, 
look, እይታ, view, ይመልከቱ, watch, ይመልከቱ, 
century, አመት, year, አመት, 
evidence, ማስረጃ, proof, ማረጋገጫ, confirmation, ማረጋገጫ, 
window, መስኮት, window, 
culture, ባህል, culture, 
chance, ዕድል, chance, 
brother, ወንድም, brother, 
energy, ኃይል, power, ኃይል, 
period, ጊዜ, time, ሰዓት, time, 
course, ኮርስ, course, 
summer, በበጋ, in the summer, በበጋ, 
plant, ተክል, planting, መትከል, planting, 
opportunity, ዕድል, chance, ዕድሉ, chance, 
term, ውል, contract, ኮንትራት, contract, 
letter, ደብዳቤ, mail, ደብዳቤ, 
condition, ሁኔታ, status, ሁኔታ, 
choice, ምርጫ, choice, 
rule, ደንብ, regulation, ደንብ, 
daughter, ሴት ልጅ, daughter, 
administration, አስተዳደር, administration, 
south, ደቡብ, south, 
husband, ባል, husband, 
congress, ኮንግረስ, congress, 
floor, ወለል, floor, 
campaign, ዘመቻ, campaign, 
material, ቁሳቁስ, material, 
population, የሕዝብ ብዛት, population, 
call, ጥሪ, call, 
economy, ኢኮኖሚ, economy, 
hospital, ሆስፒታል, hospital, 
church, ቤተ ክርስቲያን, church, 
risk, አደጋ, danger, አደጋ, 
fire, እሳት, fire, 
future, የወደፊት, future, 
defense, መከላከያ, defense, 
security, ደህንነት, security, 
bank, ባንክ, bank, 
west, ምዕራብ, west, 
sport, ስፖርት, sports, ስፖርቶች, sports, 
board, ሰሌዳ, board, 
subject, ርዕሰ ጉዳይ, subject, 
officer, ፖሊስ, police, ፖሊስ, 
rest, እረፍት, break, እረፍት, 
behavior, ባህሪ, feature, ባህሪይ, behavior, 
performance, አፈፃፀም, performance, 
top, ከላይ, on top, ከላይ, 
goal, ግብ, goal, 
second, ሁለተኛ, second, 
bed, መኝታ, bedroom, መኝታ ክፍል, bedroom, 
order, ትእዛዝ, order, 
author, ደራሲ, author, 
blood, ደም, blood, 
agency, ወኪል, agent, ወኪል, 
nature, ተፈጥሮ, nature, 
color, ቀለም, color, 
store, ሱቅ, shop, ይግዙ, buy it, ግዛው, buy it, 
sound, ድምጽ, audio, ኦዲዮ, audio, 
movement, እንቅስቃሴ, activity, እንቅስቃሴ, 
page, ገጽ, page, 
race, ዘር, race, 
concern, ስጋት, fear, ፍርሃት, fear, 
series, ተከታታይ, series, 
language, ቋንቋ, language, 
response, ምላሽ, reply, ምላሽ ይስጡ, reply, 
animal, እንስሳ, animals, እንስሳት, animals, 
factor, ምክንያት, reason, ምክንያት, 
decade, አስርት ዓመት, decade, 
article, ጽሑፍ, text, ጽሑፍ, 
east, ምስራቅ, east, 
artist, አርቲስት, artist, 
scene, ትዕይንት, show, አሳይ, show, 
stock, ክምችት, collection, ስብስብ, round up, ማጠጋጋት, round up, 
career, ሥራ, work, ስራ, work, 
treatment, ሕክምና, treatment, 
approach, አቀራረብ, presentation, አቀራረብ, 
size, መጠን, size, 
dog, ውሻ, dog, 
fund, ገንዘብ, money, ገንዘብ, 
media, ሚዲያ, media, 
sign, ይፈርሙ, sign it, ይፈርሙ, 
thought, ሐሳብ, idea, ሐሳብ, 
list, ዝርዝር, list, 
individual, ግለሰብ, individual, 
quality, ጥራት, quality, 
pressure, ጫና, pressure, 
answer, መልስ, answer, 
resource, ምንጭ, source, ምንጭ, 
meeting, ስብሰባ, meeting, 
disease, በሽታ, disease, 
success, ስኬት, success, 
cup, ጽዋ, cup, 
amount, መጠን, size, መጠን, 
ability, ችሎታ, ability, 
staff, ሰራተኞች, employees, ሠራተኞች, workers, ሠራተኞች, 
character, ቁምፊ, character, 
growth, ዕድገት, growth, 
loss, ኪሳራ, bankruptcy, ኪሳራ, 
degree, ዲግሪ, degree, 
attack, ጥቃት, assault, ጥቃት, 
region, ክልል, range, ክልል, 
television, ቴሌቪዥን, tv, ቴሌቪዥን, 
box, ሳጥን, box, 
tv, ቲቪ, tv, 
training, ስልጠና, training, 
trade, ንግድ, business, ንግድ, 
deal, ስምምነት, agreement, ስምምነት, 
election, ምርጫ, choice, ምርጫ, 
feeling, ስሜት, feeling, 
standard, መደበኛ, standard, 
bill, ክፍያ, payment, ክፍያ, 
message, መልእክት, message, 
analysis, ትንታኔ, analysis, 
benefit, ጥቅማ ጥቅም, benefits, ጥቅማ ጥቅሞች, benefits, 
sex, ወሲብ, sex, 
lawyer, ነገረፈጅ, embarrassment, አሳፋሪ, shameful, አሳፋሪ, 
section, ክፍል, section, 
glass, መስተዋት, glass, 
skill, ችሎታ, ability, ችሎታ, 
sister, እህት, sister, 
professor, ፕሮፌሰር, professor, 
operation, ቀዶ ጥገና, surgery, ቀዶ ጥገና, 
crime, ወንጀል, crime, 
stage, ደረጃ, step, ደረጃ, 
authority, ሥልጣን, authority, 
design, ንድፍ, design, 
sort, ተራ, turn, ይብራ, turn on, ማዞር, turn on, 
one, አንድ, one, 
knowledge, እውቀት, knowledge, 
gun, ጠመንጃ, gun, 
station, መሣፈሪያ, station, 
strategy, ስልት, method, ዘዴ, method, 
truth, እውነት, true, እውነት ነው, is true, እውነት ነው, 
song, ዘፈን, song, 
example, ለምሳሌ, example, 
environment, አካባቢ, area, አካባቢ, 
leg, እግር, foot, እግር, 
public, ህዝባዊ, public, 
executive, አስፈፃሚ, executive, 
set, ማዘጋጀት, preparation, አዘገጃጀት, preparation, 
rock, ዐለት, rock, 
note, ማስታወሻ, note, 
manager, ሥራ አስኪያጅ, manager, 
help, እገዛ, help, 
network, አውታረ መረብ, network, 
science, ሳይንስ, science, 
memory, ማህደረ ትውስታ, memory, 
card, ካርድ, card, 
seat, መቀመጫ, seat, 
cell, ሕዋስ, cell, 
trial, ሙከራ, experiment, ሙከራ, 
expert, ባለሙያ, professional, ባለሙያ, 
spring, ጸደይ, spring, 
firm, ጥብቅ, strict, ጥብቅ, 
democrat, ዴሞክራሲያዊ, democracy, ዴሞክራሲ, democracy, 
radio, ሬዲዮ, radio, 
management, አስተዳደር, administration, አስተዳደር, 
ball, ኳስ, ball, 
talk, ንግግር, speech, ንግግር, 
theory, ሥነ-መለኮት, theology, ሥነ መለኮት, theology, 
impact, ተጽእኖ, impact, 
statement, መግለጫ, press release, መግለጫ, 
charge, ክፍያ, payment, ክፍያ, 
direction, መመሪያ, instructions, መመሪያዎች, instructions, 
weapon, መሣሪያ, device, መሳሪያ, device, 
employee, ሠራተኛ, worker, ሠራተኛ, 
peace, ሰላም, hello there, ሰላም, 
base, ቤዝ, base, 
pain, ሕመም, illness, ህመም, pain, 
play, ተጫወት, play, 
measure, መለካት, measurement, መለካት, 
interview, ቃለመጠይቅ, interview, 
chair, ወንበር, chair, 
fish, ዓሳ, fish, 
camera, ካሜራ, camera, 
structure, መዋቅር, structure, 
politics, ፖለቲካ, politics, 
bit, ቢት, bit, 
weight, ክብደት, weight, 
candidate, እጩ, candidate, 
production, ምርት, production, 
trip, ጉዞ, road trip, ጉዞ, 
evening, ምሽት, evening, 
conference, ኮንፈረንስ, conference, 
unit, ክፍል, section, ክፍል, 
style, ቅጥ, style, 
adult, አዋቂ, adult, 
range, ክልል, range, 
past, ያለፈ, past, 
edge, ጠርዝ, edge, 
writer, ጸሐፊ, writer, 
trouble, ችግር, problem, ችግር, 
challenge, ግጥሚያ, match, ግጥሚያ, 
fear, ፍርሃት, fear, 
shoulder, ትከሻ, shoulder, 
institution, ተቋም, institution, 
sea, ባሕር, sea, 
dream, ህልም, dream, 
bar, ባር, bar, 
property, ንብረት, property, 
stuff, ነገሮች, things, ነገሮች, 
detail, ዝርዝር, list, ዝርዝር, 
method, ዘዴ, method, 
magazine, መጽሔት, magazine, 
hotel, ሆቴል, hotel, 
soldier, ወታደር, soldier, 
cause, ምክንያት, reason, ምክንያት, 
bag, ሻንጣ, luggage, ሻንጣ, 
heat, ሙቀት, heat, 
fall, ሞልቷል, is full, ሙሉ ነው, full, ሙሉ, full, 
marriage, ጋብቻ, wedding, ሰርግ, wedding, 
surface, ገጽታ, theme, ገጽታ, 
purpose, ዓላማ, purpose, 
pattern, ንድፍ, design, ንድፍ, 
skin, ቆዳ, skin, 
agent, ወኪል, agent, 
owner, ባለቤት, owner, 
machine, ማሽን, machine, 
gas, ጋዝ, gas, 
generation, ትውልድ, generation, 
cancer, ካንሰር, cancer, 
item, ንጥል, item, 
reality, እውነታ, reality, 
coach, አስተማሪ, teacher, መምህር, teacher, 
mrs, ወይዘሮ, mrs., ወይዘሮ., mrs., 
yard, yard, 
violence, ረብሻ, disturbance, አስደንጋጭ, shocking, በጣም አስደንጋጭ, extremely shocking, በጣም አስደንጋጭ, 
investment, ኢንቨስትመንት, investment, 
discussion, ውይይት, conversation, ውይይት, 
finger, ጣት, finger, 
garden, መናፈሻ, park, መናፈሻ, 
collection, ስብስብ, round up, ማጠጋጋት, round up, 
task, ተግባር, function, ተግባር, 
partner, ባልደረባ, partner, 
kitchen, ወጥ ቤት, kitchen, 
consumer, ተጠቃሚ, user, ተጠቃሚው, the user, ተጠቃሚው, 
shot, ተኩስ, shoot, ተወግዱ, remove, አስወግድ, remove, 
budget, በጀት, budget, 
painting, ስዕል, picture, ፎቶ, photo, ፎቶግራፍ, photography, ፎቶግራፍ, 
scientist, ሳይንቲስት, scientist, 
agreement, ስምምነት, agreement, 
capital, ካፒታል, capital, 
mouth, አፍ, mouth, 
victim, ተጠቂ, victim, 
newspaper, ጋዜጣ, newspaper, 
threat, ማስፈራራት, threat, 
responsibility, ኃላፊነት, responsibility, 
attorney, ጠበቃ, lawyer, ነገረፈጅ, embarrassment, አሳፋሪ, shameful, አሳፋሪ, 
score, ውጤት, result, ውጤት, 
account, መለያ, account, 
break, ቆረጣ, cut off, መቁረጥ, cut off, 
audience, ተመልካች, audience, 
dinner, እራት, supper, ራት, dinner, 
vote, ድምጽ መስጠት, voting, ድምጽ መስጠት, 
debate, ክርክር, debate, 
citizen, ዜጋ, citizen, 
majority, ብዙ, a lot, ብዙ, 
wind, ነፋስ, wind, 
mission, ተልዕኮ, mission, 
customer, ደንበኛ, client, ደንበኛ, 
speech, ንግግር, speech, 
option, አማራጭ, optional, አማራጭ, 
participant, ተሳታፊ, participant, 
forest, ጫካ, forest, 
video, ቪድዮ, video, 
senate, ምክር ቤት, council, ምክር ቤት, 
reform, ማሻሻል, to improve, ማሻሻል, 
access, መዳረሻ, access, 
restaurant, ምግብ ቤት, restaurant, 
judge, ዳኛ, judge, 
relation, ግንኙነት, relationships, ግንኙነቶች, relationships, 
bird, ወፍ, bird, 
opinion, አመለካከት, attitude, አመለካከት, 
credit, ብድር, loan, ብድር, 
corner, ጥግ, corner, 
version, ስሪት, version, 
safety, ደህንነት, security, ደህንነት, 
neighborhood, ጎረቤት, neighbor, ጎረቤት, 
act, ድርጊት, action, ተግባር, function, ተግባር, 
troop , ጦረኛ (ሰ), warrior (g), ጦረኛ (ሰ), 
income, ገቢ, income, 
species, ዝርያዎች, species, 
track, ትራክ, track, 
hope, ተስፋ, hope, 
sky, ሰማይ, heaven, ገነት, heaven, 
freedom, ነፃነት, freedom, 
plane, አውሮፕላን, plane, 
object, ነገር, thing, ነገር, 
attitude, አመለካከት, attitude, 
labor, ጉልበት, force, ኃይል, power, ኃይል, 
concept, ጽንሰ-ሐሳብ, concept, 
client, ደንበኛ, client, 
conversation, ውይይት, conversation, 
variety, ልዩነት, difference, ልዩነት, 
turn, ዘወር, turn, 
investigation, ምርመራ, investigation, 
researcher, ተመራማሪ, researcher, 
press, ተጫን, press, 
conflict, ግጭት, conflict, 
spirit, መንፈስ, spirit, 
argument, ክርክር, debate, ክርክር, 
camp, ካምፕ, camp, 
brain, አእምሮ, mind, አእምሮ, 
feature, ባህሪ, feature, 
afternoon, ከሰአት, afternoon, 
weekend, ቅዳሜና እሁድ, sundays, እሁዶች, sundays, 
possibility, ዕድል, chance, ዕድሉ, chance, 
insurance, ኢንሹራንስ, insurance, 
department, መምሪያ, policy, መምሪያ, 
battle, ውጊያ, battle, 
beginning, በመጀመር ላይ, starting up, በመጀመር ላይ, 
date, ቀን, day, ቀን, 
crisis, ችግር, problem, ችግር, 
fan, አድናቂ, fan, 
hole, ጉድጓድ, pit, ቁጣ, anger, ቁጣ, 
element, አካል, body, አካል, 
vision, ራዕይ, vision, 
status, ሁኔታ, status, 
ship, መርከብ, ship, 
solution, መፍትሔ, solution, 
stone, ድንጋይ, stone, 
scale, መለኪያ, unit, ክፍል, section, ክፍል, 
university, ዩኒቨርሲቲ, university, 
driver, ሾፌር, driver, 
attempt, ሙከራ, experiment, ሙከራ, 
park, መናፈሻ, park, 
spot, ቦታ, place, ቦታ, 
lack, አጥረት, lack, 
ice, በረዶ, snow, በረዶ, 
boat, ጀልባ, boat, 
sun, ፀሐይ, sun, 
distance, ርቀት, distance, 
wood, እንጨት, wood, 
truck, መኪና, car, መኪና, 
return, መመለስ, give back, መልሶ መስጠት, give back, 
mountain, ተራራ, mountain, 
survey, ጥናት, study, ጥናት, 
tradition, ወግ, tradition, 
winter, ክረምት, winter, 
village, መንደር, village, 
sales, ሽያጭ, sale, ሽያጭ, 
communication, ግንኙነት, relationships, ግንኙነቶች, relationships, 
run, አሂድ, run, 
screen, ማያ ገጽ, screen, 
resident, ነዋሪ, resident, 
gold, ወርቅ, gold, 
club, ክለብ, club, 
farm, እርሻ, field, መስክ, field, 
increase, ጭማሪ, increase, 
middle, መካከለኛ, medium, መካከለኛ, 
presence, መገኘት, presence, 
district, ወረዳ, district, 
shape, ቅርፅ, shape, 
reader, አንባቢ, reader, 
ms, ወይዘሪት, wife, ሚስት, wife, 
contract, ኮንትራት, contract, 
crowd, ሕዝብ, population, የሕዝብ ብዛት, population, 
apartment, አፓርታማ, a flat, ጠፍጣፋ, flat, ጠፍጣፋ, 
strength, ጥንካሬ, strength, 
band, ባንድ, band, 
horse, ፈረስ, horse, 
target, ዒላማ, target, 
prison, እስር ቤት, prison, 
guard, ጠባቂ, guardian, አሳዳጊ, guardian, 
demand, ጥያቄ, question, ጥያቄ, 
reporter, ዘጋቢ, writer, ጸሐፊ, writer, 
text, ጽሁፍ, text, 
share, ማጋራት, sharing, ማጋራት, 
tool, መሣሪያ, device, መሳሪያ, device, 
vehicle, ተሽከርካሪ, vehicle, 
flight, በረራ, flight, 
facility, ተቋም, institution, ተቋም, 
understanding, ግንዛቤ, awareness, ግንዛቤ, 
advantage, ጥቅል, package, ጥቅል, 
leadership, አመራር, leadership, 
pound, ፓውንድ, pound, 
basis, መሠረት, base, ቤዝ, base, 
guest, እንግዳ, guest, 
sample, ናሙና, sample, 
block, አግድ, block, 
protection, ጥበቃ, protection, 
while, ገና, christmas, የገና በአል, christmas, 
identity, ማንነት, identity, 
title, ርዕስ, heading, ርዕስ, 
lesson, ትምህርት, education, ትምህርት, 
faith, እምነት, faith, 
river, ወንዝ, river, 
living, ኑሮ, life, ሕይወት, life, 
technique, ቴክኒካዊ, technical, ቴክኒካዊ, 
path, ዱካ, path, 
ear, ጆሮ, ears, ጆሮዎች, ears, 
shop, ሱቅ, shop, 
folk, ሕዝብ, population, የሕዝብ ብዛት, population, 
principle, መርህ, principle, 
border, ድንበር, boundary, ድንበር, 
competition, ውድድር, competition, 
claim, ይገባኛል ጥያቄ, claim, 
equipment, መሣሪያ, device, መሳሪያ, device, 
critic, ትችለኛ, comment, አስተያየት, comment, 
aspect, ገፅታ, feature, ባህሪይ, behavior, ባህሪ, feature, 
failure, አለመሳካት, failure, 
christmas, የገና በአል, christmas, 
comment, አስተያየት ይስጡ, comment, 
affair, ጉዳይ, issue, ርዕሰ ጉዳይ, subject, ርዕሰ ጉዳይ, 
procedure, ሂደት, process, ሂደት, 
chairman, ሊቀመንበር, chair, ወንበር, chair, 
baseball, ቤዝቦል, baseball, 
egg, እንቁላል, eggs, እንክብሎች, pills, መድሃኒት, medicine, ሕክምና, treatment, ሕክምና, 
belief, እምነት, faith, እምነት, 
murder, ነፍስ ግድያ, murder, 
gift, ስጦታ, gift, 
religion, ሃይማኖት, religion, 
review, ግምገማ, review, 
editor, አርታዒ, editor, 
coffee, ቡና, coffee, 
document, ሰነድ, document, 
speed, ፍጥነት, speed, 
influence, ተጽዕኖ, impact, ተጽዕኖ, 
youth, ወጣት, young man, ወጣት, 
wave, ማዕበል, waves, ሞገድ, wave, 
move, አንቀሳቅስ, move, 
quarter, ሩብ, q4, q4, 
background, ዳራ, background, 
reaction, ምላሽ, reply, ምላሽ ይስጡ, reply, 
suit, ክርክር, debate, ክርክር, 
perspective, አመለካከት, attitude, አመለካከት, 
construction, ግንባታ, construction, 
intelligence, እውቀት, knowledge, እውቀት, 
connection, ግንኙነት, relationships, ግንኙነቶች, relationships, 
shoe, ጫማ, shoes, ጫማዎች, shoes, 
grade, ደረጃ, step, ደረጃ, 
context, አውድ, context, 
committee, ኮሚቴ, committee, 
mistake, ስህተት, error, ስህተት, 
focus, ትኩረት, focus, 
smile, ፈገግታ, smile, 
location, አካባቢ, area, አካባቢ, 
clothes, ልብሶች, clothing, አልባሳት, apparel, አልባሳት, 
neighbor, ጎረቤት, neighbor, 
drive, መንዳት, to drive, መንዳት, 
function, ተግባር, function, 
bone, አጥንት, bone, 
average, አማካይ, average, 
wine, ወይን, wine, 
voter, ድምጽ ሰጪ, voter, 
means, መንገዶችን, roads, መንገዶች, roads, 
learning, መማር, to learn, ለመማር, to learn, 
bus, አውቶቡስ, bus, 
hell, ሲኦል, hell, 
category, ምድብ, category, 
victory, ድል, victory, 
key, ቁልፍ, key, 
visit, ጉብኝት, tour, ጉብኝት, 
internet, በይነመረብ, internet, 
medicine, መድሃኒት, medicine, 
tour, ጉብኝት, tour, 
photo, ፎቶግራፍ, photography, ፎቶግራፍ, 
finding, ግኝት, discovery, ግኝት, 
classroom, ክፍል, section, ክፍል, 
contact, ግንኙነት, relationships, ግንኙነቶች, relationships, 
justice, ፍትህ, justice, 
pair, ጥንድ, pair, 
exercise, ልምምድ, practice, ልምምድ, 
knee, ጉልበት, force, ኃይል, power, ኃይል, 
flower, አበባ, flower, 
tape, ቲፕ, tip, ጠቃሚ ምክር, tip, 
supply, አቅርቦት, offer, ቅናሽ, discount, ቅናሽ, 
cut, ቆርጠዋል, are cut, ተቆርጠዋል, cut off, መቁረጥ, cut off, 
will, ፈቃድ, permission, ፍቃድ, license, ፈቃድ, 
actor, ተዋናይ, actor, 
birth, ልደት, birthday, የልደት ቀን, date of birth, የትውልድ ቀን, date of birth, 
search, ፍለጋ, search, 
democracy, ዲሞክራሲ, democracy, 
circle, ክበብ, circle, 
device, መሣሪያ, device, 
progress, እድገት, growth, ዕድገት, growth, 
front, ፊት, face, ፊት, 
bottom, ታች, down, ወደ ታች, down, 
island, ደሴት, island, 
exchange, ልውውጥ, exchange, 
studio, ስቱዲዮ, studio, 
lady, እመቤት, lady, 
colleague, ባልደረባ, partner, አጋር, partner, 
application, ትግበራ, application, 
neck, አንገት, neck, 
damage, ጉዳት, damage, 
plastic, ፕላስቲክ, plastic, 
plate, ሳህን, sam, ሳም, sam, 
writing, መጻፍ, writing, 
start, ጀምር, here you go, ይሄውሎት, here you go, 
expression, ገለጻ, description, መግለጫ, press release, መግለጫ, 
football, እግር ኳስ, soccer, እግር ኳስ, 
chicken, ዶሮ, chicken, 
army, ሠራዊት, army, 
abuse, ማጎሳቆል, abuse, 
theater, ቲያትር, movie theater, ቲያትር, 
map, ካርታ, map, 
session, ክፍለ ጊዜ, session, 
danger, አደጋ, danger, 
literature, ሥነ ጽሑፍ, literature, 
rain, ዝናብ, rain, 
desire, ምኞት, wish, ምኞት, 
assessment, ግምገማ, review, ግምገማ, 
injury, ጉዳት, damage, ጉዳት, 
respect, አክብሮት, respect, 
fuel, ነዳጅ, fuel, 
leaf, ቅጠል, leaf, 
instruction, መመሪያ, instructions, መመሪያዎች, instructions, 
fight, ተዋጉ, fought, ተጋድሞ, drowned, ተገዝቷል, purchased, ተገዝቷል, 
pool, መዋኛ, swimming pool, መዋኛ ገንዳ, swimming pool, 
lead, እርሳስ, pencil, እርሳስ, 
engine, ሞተር, engine, 
salt, ጨው, salt, 
importance, አስፈላጊነት, importance, 
metal, ብረት, iron, ብረት, 
fat, ስብ, fat, 
ticket, ትኬት, ticket, 
software, ሶፍትዌር, software, 
lip, ከንፈር, lips, ከላይዎች, tops, ከፍተኛ, high, ከፍተኛ, 
reading, ንባብ, reading, 
lunch, ምሳ, lunch, 
farmer, ገበሬ, farmer, 
sugar, ስኳር, sugar, 
planet, ፕላኔት, planet, 
enemy, ጠላት, enemy, 
athlete, አትሌት, athlete, 
soul, ነፍስ, soul, 
panel, ፓነል, panel, 
meaning, ትርጉም, definition, ፍቺ, divorce, ፍቺ, 
mom, እማዬ, mum, እማዬ, 
instrument, መሣሪያ, device, መሳሪያ, device, 
weather, የአየር ሁኔታ, weather, 
commitment, መሰጠት, misbehavior, ክህደት, betrayal, ክህደት, 
pocket, ኪስ, pocket, 
temperature, ሙቀት, heat, ሙቀት, 
surprise, አስገረመ, surprised, ተገርሟል, surprised, 
poll, የሕዝብ አስተያየት መስጫ, poll, 
proposal, ፕሮጀክት, project, ፕሮጀክት, 
consequence, ውጤት, result, ውጤት, 
half, ግማሽ, half, 
breath, ትንፋሽ, breath, 
sight, ዕይታ, view, ይመልከቱ, watch, ይመልከቱ, 
cover, ሽፋን, cover, 
balance, ሚዛን, balance, 
minority, ጥቂቶች, few, ጥቂት, a few, ትንሽ, a few, 
works, ስራዎች, jobs, ስራዎች, 
teaching, ማስተማር, to teach, ማስተማር, 
aid, እርዳታ, help, እገዛ, help, 
advice, ምክር, advice, 
photograph, ፎቶግራፍ, photography, ፎቶግራፍ, 
trail, ዱካ, path, ዱካ, 
novel, ልብ ወለድ, fiction, ልብ ወለድ, 
code, ኮድ, code, 
jury, ዳኞች, judges, መሳፍንት, princes, መሳፍንት, 
breast, ጡት, breastfeeding, ጡት ማጥባት, breastfeeding, 
human, ሰው, man, ሰው, 
theme, ገጽታ, theme, 
storm, አውሎ ነፋስ, hurricane, አውሎ ነፋስ, 
union, ማህበር, association, ማህበር, 
desk, ዳስ, touch, ይንኩ, touch, 
thanks, አመሰግናለሁ, thank you, አመሰግናለሁ, 
fruit, ፍሬ, fruit, 
conclusion, መደምደሚያ, conclusion, 
shadow, ጥላ, shade, ጥላ, 
analyst, ተንታኝ, commentator, ፈላጭ, runtime, አሂድ, run, ሩጫ, race, ዘር, race, 
dance, ዳንስ, dance, 
limit, ገደብ, limit, 
regulation, ደንብ, regulation, 
being, መሆን, to become, ለመሆን, to become, 
ring, ደውል, call, ጥሪ, call, 
revenue, ገቢ, income, ገቢ, 
county, ካውንቲ, county, 
appearance, መልክ, look, ተመልከት, look out, ተመልከት, 
package, እሽግ, package, 
difficulty, ችግር, problem, ችግር, 
bridge, ድልድይ, bridge, 
train, ባቡር, train, 
e-mail, ኢ-ሜል, e-mail, 
thinking, አስተሳሰብ, thinking, 
trend, አዝማሚያ, trends, አዝማሚያዎች, trends, 
visitor, ጉብኝት, tour, ጉብኝት, 
loan, ብድር, loan, 
investor, ባለሀብት, investor, 
profit, ትርፍ, profit, 
crew, መርከበኞች, sailors, መርከበኞች, 
accident, አደጋ, danger, አደጋ, 
male, ወንድ, male, 
meal, ምግብ, food, ምግብ, 
hearing, መስማት, hearing, 
traffic, ትራፊክ, traffic, 
muscle, ጡንቻ, muscular, ጡም, honey, ማር, honey, 
notion, አመለካከት, attitude, አመለካከት, 
earth, ምድር, earth, 
chest, ደረሰ, arrived, ደርሷል, arrived, 
cash, ጥሬ ገንዘብ, cash, 
museum, ቤተ-መዘክር, museum, 
beauty, ውበት, beauty, 
emergency, አስቸኳይ ሁኔታ, emergency, 
stress, ውጥረት, stress, 
content, ይዘት, content, 
root, ስር, under, በታች, below, ከዚህ በታች, below, 
nose, አፍንጫ, nose, 
bottle, ጠርሙስ, bottle, 
setting, ቅንብር, setting, 
dress, አለባበስ, dress, 
file, ፋይል, file, 
outcome, ውጤት, result, ውጤት, 
ad, ማስታወቂያ, advertising, ማስታወቂያ, 
duty, ሃላፊነት, responsibility, ሃላፊነት, 
sheet, ሉህ, sheet, 
extent, መጠን, size, መጠን, 
component, ክፍል, section, ክፍል, 
contrast, ተቃርኖ, contradiction, ተቃርኖ, 
zone, ዞን, zone, 
airport, አየር ማረፊያ, airport, 
chief, አለቃ, boss, አለቃ, 
shirt, ሸሚዝ, shirt, 
pilot, አብራሪ, pilot, 
cat, ድመት, cat, 
contribution, መዋጮ, donation, ልገሳ, donation, 
capacity, አቅም, capable, ብቁ, eligible, ብቁ ናቸው, are eligible, ብቁ ናቸው, 
estate, ንብረት, property, ንብረት, 
guide, መመሪያ, instructions, መመሪያዎች, instructions, 
circumstance, ሁኔታ, status, ሁኔታ, 
snow, በረዶ, snow, 
politician, ፖለቲከኛ, politician, 
percentage, መቶኛ, percent, መቶኛ, 
meat, ስጋ, meat, 
soil, አፈር, dust, ዱቄት, flour, ዱቄት, 
surgery, ቀዶ ጥገና, surgery, 
basketball, ቅርጫት ኳስ, basketball, 
golf, ጎልፍ, golf, 
chain, ሰንሰለት, chain, 
address, አድራሻ, address, 
branch, ቅርንጫፍ, branch, 
combination, ቅንብር, setting, ቅንብር, 
governor, ገዢ, buyer, ገዢ, 
relief, እፎይታ, relief, 
user, ተጠቃሚ, user, 
dad, አባዬ, dad, 
manner, መልክ, look, ተመልከት, look out, ተመልከት, 
silence, ዝምታ, silence, 
rating, ደረጃ አሰጣጥ, rating, 
motion, እንቅስቃሴ, activity, እንቅስቃሴ, 
gender, ፆታ, sex, ወሲብ, sex, 
fee, ክፍያ, payment, ክፍያ, 
landscape, የመሬት ገጽታ, landscape, 
bowl, ጎድጓዳ ሳህን, bowl, 
frame, ክፈፍ, frame, 
host, አስተናጋጅ, host, 
hall, አዳራሽ, hall, 
ocean, ውቅያኖስ, ocean, 
row, ረድፍ, row, 
producer, አምራች, producer, 
regime, አገዛዝ, rule, ደንብ, regulation, ደንብ, 
division, ማካፈል, division, 
appeal, ይግባኝ, appeal, 
mirror, መስታወት, glass, መነጽር, glasses, መነፅሮች, glasses, 
tooth, ጥርስ, tooth, 
length, ርዝመት, length, 
topic, ርዕስ, heading, ርዕስ, 
variable, ተለዋዋጭ, dynamic, ተለዋዋጭ, 
telephone, ስልክ, phone, ስልክ, 
perception, አመለካከት, attitude, አመለካከት, 
confidence, በራስ መተማመን, self confidence, በራስ መተማመን, 
bedroom, መኝታ ቤት, bedroom, 
secret, ምስጢር, confidential, ሚስጥራዊ, confidential, 
debt, ዕዳ, debt, 
tank, ማጠራቀሚያ, storage, ማከማቻ, storage, 
nurse, ነርስ, nurse, 
coverage, ሽፋን, cover, ሽፋን, 
opposition, ተቃዋሚ, opponent, ተቃዋሚ, 
bond, ማስያዣ, deposit, ተቀማጭ, save money, ገንዘብ ቆጠብ, save money, 
pleasure, ደስታ, happiness, ደስታ, 
master, ጌታ, lord, ጌታ, 
era, ዘመን, age, ዕድሜ, age, 
requirement, መስፈርቶች, criteria, መስፈርት, criteria, 
check, ፍተሻ, test, ሙከራ, experiment, ሙከራ, 
stand, ቆመ, stand, 
fun, አዝናኝ, fun, 
expectation, ተስፋ, hope, ተስፋ, 
wing, ክንፍ, wings, ክንፎች, wings, 
struggle, ትግል, struggle, 
judgment, ፍርድ, judgment, 
beer, ቢራ, beer, 
english, እንግሊዝኛ, english, 
reference, ማጣቀሻ, reference, 
tear, እንባ, tears, እንባ, 
doubt, ጥርጣሬ, doubt, 
minister, አገልጋይ, server, አገልጋይ, 
hero, ጀግና, hero, 
cloud, ደመና, cloud, 
winner, አሸናፊ, winner, 
volume, ድምጽ, audio, ኦዲዮ, audio, 
travel, ጉዞ, road trip, ጉዞ, 
seed, ዘር, race, ዘር, 
fashion, ፋሽን, fashion, 
pepper, ፔፐር, pup, pup, 
intervention, ጣልቃ መግባት, intervention, 
copy, ቅጂ, copy, 
tip, ጠቃሚ ምክር, tip, 
welfare, ደህንነት, security, ደህንነት, 
vegetable, አትክልት, vegetable, 
dish, ምግብ, food, ምግብ, 
beach, የባህር ዳርቻ, beach, 
improvement, መሻሻል, improve, አሻሽል, upgrade, አልቅ, upgrade, 
opening, መክፈቻ, key, ቁልፍ, key, 
route, መንገድ, way, መንገድ, 
league, ሊግ, league, 
core, ኮር, cor, ኮር, 
rise, ተነሣ, rise up, ተነሳ, get up, ተነሳ, 
tie, እኩል, equal, እኩል, 
holiday, የበዓል ቀን, holiday day, የበዓል ቀን, 
resolution, ጥራት, quality, ጥራት, 
household, ቤተሰብ, family, ቤተሰብ, 
abortion, ፅንስ ማስወረድ, abortion, 
witness, ምስክር, witness, 
sector, ዘርፍ, sector, 
representative, ተወካይ, representative, 
black, ጥቁር, black, 
incident, ክስተት, event, ክስተት, 
flow, ፍሰት, flow, 
faculty, መምህርነት, teaching, ማስተማር, to teach, ማስተማር, 
waste, ቆሻሻ, dirty, ቆሻሻ, 
mass, ብዛት, count, ቆጠሉ, they stopped, እነሱ አቁሙ, stop them, ያቁሙ, stop, ተወ, stop, 
experiment, ሙከራ, experiment, 
bomb, ቦምብ, bomb, 
tone, ድምጽ, audio, ኦዲዮ, audio, 
engineer, መሐንዲስ, engineer, 
wheel, መኪና, car, መኪና, 
female, ሴት, woman, ሴት, 
promise, ቃል ገባ, he promised, ቃል ገባ, 
cable, ገመድ, cable, 
aids, እርዳታዎች, donations, ልገሳዎች, grants, ስጦታዎች, gifts, ስጦታዎች, 
jew, አይሁዳዊ, the jews, አይሁዶች, jews, አይሁዶች, 
cream, ክሬም, cream, 
secretary, ጸሐፊ, writer, ጸሐፊ, 
gate, በር, gate, 
hill, ኮረብታ, hill, 
noise, ጫጫታ, noise, 
grass, ሣር, grass, 
hat, ቀሚስ, dress, ልብስ, clothing, አልባሳት, apparel, አልባሳት, 
legislation, ሕግ, law, ሕግ, 
achievement, ስኬት, success, ስኬት, 
fishing, አሳ ማጥመድ, fishing, 
drink, መጠጥ, drink, 
talent, ችሎታ, ability, ችሎታ, 
taste, ጣዕም, taste, 
characteristic, ባህሪይ, behavior, ባህሪ, feature, ባህሪይ, 
milk, ወተት, milk, 
sentence, ዓረፍተ ነገር, sentence, 
height, ቁመት, height, 
physician, ሐኪም, doctors, ሐኪሞች, doctors, 
sleep, እንቅልፍ, sleep, 
ride, ተሽከርካሪ, vehicle, ተሽከርካሪ, 
explanation, ማብራሪያ, description, መግለጫ, press release, መግለጫ, 
campus, ካምፓስ, campus, 
potential, እምቅ, great, ተለክ, great, 
immigrant, ስደተኛ, a refugee, ስደተኛ, 
alternative, አማራጭ, optional, አማራጭ, 
interaction, መስተጋብር, interaction, 
column, አምድ, column, 
personality, ስብዕና, personality, 
signal, ምልክት, signal, 
curriculum, ስርዓተ ትምህርት, curriculum, 
honor, ክብር, glory, ክብር, 
passenger, መንገደኛ, traveler, ተጓዥ, traveler, 
assistance, እርዳታ, help, እገዛ, help, 
association, መሰብሰብ, gathering, መሰብሰብ, 
lab, ላብራቶሪ, laboratory, ላቦራቶሪ, laboratory, 
offer, ማቅረብ, offering, መስዋዕት, sacrifice, መስዋዕት, 
criticism, ትችት, criticism, 
asset, ንብረት, property, ንብረት, 
depression, ድብርት, bumblebee, bumblebee, 
journalist, ጋዜጠኛ, journalist, 
prayer, ጸሎት, prayer, 
scholar, ምሁር, scholar, 
warning, ማስጠንቀቂያ, warning, 
climate, የአየር ንብረት, climate, 
cheese, አይብ, cheese, 
observation, መከታተል, to attend, ለመታደም, to attend, 
childhood, ልጅነት, childhood, 
payment, ክፍያ, payment, 
sir, ጌታዬ, my lord, ጌታዬ, 
cigarette, ሲጋራ, cigarettes, ሲጋራዎች, cigarettes, 
definition, ትርጉም, definition, 
priority, ቅድሚያ መስጠት, priority, 
bread, ዳቦ, bread, 
creation, ፍጥረት, creation, 
graduate, ምረቃ, graduation, ምረቃ, 
request, ጥያቄ, question, ጥያቄ, 
emotion, ስሜት, feeling, ስሜት, 
