time, ಸಮಯ, time, 
year, ವರ್ಷ, year, 
people, ಜನರು, people, 
way, ದಾರಿ, way out, ಹೊರಕ್ಕೆ ದಾರಿ, get out of the way, ದಾರಿ ತಪ್ಪಿಸಿ, avoid the way, ದಾರಿಯನ್ನು ತಪ್ಪಿಸಿ, avoid the way, 
day, ದಿನ, day, 
man, ಮನುಷ್ಯ, man, 
thing, ವಿಷಯ, subject, ವಿಷಯ, 
woman, ಮಹಿಳೆ, woman, 
life, ಜೀವನ, life, 
child, ಮಗು, baby, ಬೇಬಿ, baby, 
world, ಪ್ರಪಂಚ, the world, ಜಗತ್ತು, the world, 
school, ಶಾಲೆ, school, 
state, ರಾಜ್ಯ, state, 
family, ಕುಟುಂಬ, family, 
student, ವಿದ್ಯಾರ್ಥಿ, student, 
group, ಗುಂಪು, group, 
country, ದೇಶ, country, 
problem, ಸಮಸ್ಯೆ, problem, 
hand, ಕೈ, hand, 
part, ಭಾಗ, part, 
place, ಸ್ಥಳ, location, ಸ್ಥಳ, 
case, ಕೇಸ್, case, 
week, ವಾರ, week, 
company, ಕಂಪನಿ, company, 
system, ವ್ಯವಸ್ಥೆ, system, 
program, ಕಾರ್ಯಕ್ರಮ, program, 
question, ಪ್ರಶ್ನೆ, q., ಪ್ರ., q., 
work, ಕೆಲಸ, work, 
government, ಸರ್ಕಾರ, government, 
number, ಸಂಖ್ಯೆ, number, 
night, ರಾತ್ರಿ, night, 
mr, ಮಿ, me, ಮಿ, 
point, ಪಾಯಿಂಟ್, point, 
home, ಮನೆ, home, 
water, ನೀರು, water, 
room, ಕೊಠಡಿ, room, 
mother, ತಾಯಿ, mother, 
area, ಪ್ರದೇಶ, area, 
money, ಹಣ, money, 
story, ಕಥೆ, story, 
fact, ಸತ್ಯ, the truth, ಸತ್ಯ, 
month, ತಿಂಗಳು, month, 
lot, ಬಹಳಷ್ಟು, a lot, ಬಹಳ, very much, ತುಂಬಾ, too much, ತುಂಬಾ, 
right, ಸರಿ, ok, ಸರಿ, 
study, ಅಧ್ಯಯನ, study, 
book, ಪುಸ್ತಕ, book, 
eye, ಕಣ್ಣು, eye, 
job, ಕೆಲಸ, work, ಕೆಲಸ, 
word, ಪದ, the word, ಶಬ್ದ, noise, ಶಬ್ದ, 
business, ವ್ಯಾಪಾರ, business, 
issue, ಸಮಸ್ಯೆ, problem, ಸಮಸ್ಯೆ, 
side, ಅಡ್ಡ, cross, ಕ್ರಾಸ್, cross, 
kind, ರೀತಿಯ, kind of, ರೀತಿಯ, kind of, 
head, ತಲೆ, head, 
house, ಮನೆ, home, ಮುಖಪುಟ, homepage, ಮುಖಪುಟ, 
service, ಸೇವೆ, service, 
friend, ಗೆಳತಿ, girlfriend, ಗೆಳತಿ, 
father, ತಂದೆ, father, 
power, ಶಕ್ತಿ, power, 
hour, ಗಂಟೆ, hour, 
game, ಆಟ, the game, ಆಟ, 
line, ಸಾಲು, line, 
end, ಅಂತ್ಯ, the end, ಅಂತ್ಯ, 
member, ಸದಸ್ಯ, member, 
law, ಕಾನೂನು, the law, ಕಾನೂನು, 
car, ಕಾರು, the car, ಕಾರು, 
city, ನಗರ, city, 
community, ಸಮುದಾಯ, community, 
name, ಹೆಸರು, the name, ಹೆಸರು, 
president, ಅಧ್ಯಕ್ಷರು, president, 
team, ತಂಡ, team, 
minute, ನಿಮಿಷ, minute, 
idea, ಕಲ್ಪನೆ, idea, 
kid, ಮಗು, baby, ಬೇಬಿ, baby, 
body, ದೇಹ, body, 
information, ಮಾಹಿತಿ, information, 
back, ಹಿಂದೆ, in the past, ಹಳೆಗಾಲದಲ್ಲಿ, in the old age, ವೃದ್ಧಾಪ್ಯದಲ್ಲಿ, in old age, ವೃದ್ಧಾಪ್ಯದಲ್ಲಿ, 
parent, ಪೋಷಕರು, parents, ಪೋಷಕರು, parents, 
face, ಮುಖ, face, 
others, ಇತರರು, others, 
level, ಮಟ್ಟ, level, 
office, ಕಚೇರಿ, office, 
door, ಬಾಗಿಲು, door, 
health, ಆರೋಗ್ಯ, health, 
person, ವ್ಯಕ್ತಿ, person, 
art, ಕಲೆ, art, 
war, ಯುದ್ಧ, war, 
history, ಇತಿಹಾಸ, history, 
party, ಪಕ್ಷ, party, 
result, ಫಲಿತಾಂಶ, the result, ಫಲಿತಾಂಶ, 
change, ಬದಲಾವಣೆ, change, 
morning, ಬೆಳಿಗ್ಗೆ, in the morning, ಮುಂಜಾನೆಯಲ್ಲಿ, in the morning, 
reason, ಕಾರಣ, reason, 
research, ಸಂಶೋಧನೆ, research, 
girl, ಹುಡುಗಿ, girl, 
guy, ವ್ಯಕ್ತಿ, person, ವ್ಯಕ್ತಿ, 
food, ಆಹಾರ, food, 
moment, ಕ್ಷಣ, the moment, ಕ್ಷಣ, 
air, ಗಾಳಿ, wind, ವಿಂಡ್, wind, 
teacher, ಶಿಕ್ಷಕ, teacher, 
force, ಬಲ, right, ಬಲ, 
education, ಶಿಕ್ಷಣ, education, 
foot, ಪಾದ, foot, 
boy, ಹುಡುಗ, boy, 
age, ವಯಸ್ಸು, age, 
policy, ನೀತಿ, policy, 
process, ಪ್ರಕ್ರಿಯೆ, process, 
music, ಸಂಗೀತ, music, 
market, ಮಾರುಕಟ್ಟೆ, market, 
sense, ಅರ್ಥ, meaning, ಅರ್ಥ, 
nation, ರಾಷ್ಟ್ರ, country, ದೇಶ, country, 
plan, ಯೋಜನೆ, plan, 
college, ಕಾಲೇಜು, college, 
interest, ಆಸಕ್ತಿ, interested, ಆಸಕ್ತಿ, 
death, ಸಾವು, death, 
experience, ಅನುಭವ, experience, 
effect, ಪರಿಣಾಮ, effect, 
use, ಬಳಕೆ, use, 
class, ವರ್ಗ, category, ವರ್ಗ, 
control, ನಿಯಂತ್ರಣ, control, 
care, ಆರೈಕೆ, care, 
field, ಕ್ಷೇತ್ರ, field, 
development, ಅಭಿವೃದ್ಧಿ, development, 
role, ಪಾತ್ರ, character, ಅಕ್ಷರ, character, 
effort, ಪ್ರಯತ್ನ, effort, 
rate, ದರ, rate, 
heart, ಹೃದಯ, heart, 
drug, ಔಷಧ, medicine, ಮೆಡಿಸಿನ್, medicine, 
show, ತೋರಿಸು, show, 
leader, ನಾಯಕ, leader, 
light, ಬೆಳಕು, light, 
voice, ಧ್ವನಿ, sound, ಸೌಂಡ್, sound, 
wife, ಪತ್ನಿ, wife, 
police, ಪೊಲೀಸರು, police, 
mind, ಮನಸ್ಸು, mind, 
price, ಬೆಲೆ, price, 
report, ವರದಿ, report, 
decision, ನಿರ್ಧಾರ, decision, 
son, ಮಗ, son, 
view, ನೋಟ, look, ನೋಡಿ, see, ನೋಡಿ, 
relationship, ಸಂಬಂಧ, relation, ಸಂಬಂಧ, 
town, ಪಟ್ಟಣ, town, 
road, ರಸ್ತೆ, road, 
arm, ತೋಳು, arm, 
difference, ವ್ಯತ್ಯಾಸ, the difference, ವ್ಯತ್ಯಾಸ, 
value, ಮೌಲ್ಯ, value, 
building, ಕಟ್ಟಡ, building, 
action, ಕ್ರಿಯೆ, action, 
model, ಮಾದರಿ, model, 
season, ಋತುವಿನಲ್ಲಿ, season, 
society, ಸಮಾಜ, society, 
tax, ತೆರಿಗೆ, tax, 
director, ನಿರ್ದೇಶಕ, director, 
position, ಸ್ಥಾನ, place, ಸ್ಥಳ, location, ಸ್ಥಳ, 
player, ಆಟಗಾರ, player, 
record, ದಾಖಲೆ, documentation, ದಾಖಲೆ, 
paper, ಕಾಗದ, paper, 
space, ಸ್ಥಳ, location, ಸ್ಥಳ, 
ground, ನೆಲದ, ground, 
form, ರೂಪ, form, 
event, ಘಟನೆ, incident, ಘಟನೆ, 
official, ಅಧಿಕೃತ, official, 
matter, ಮ್ಯಾಟರ್, matter, 
center, ಕೇಂದ್ರ, center, 
couple, ದಂಪತಿಗಳು, couple, 
site, ಸೈಟ್, site, 
project, ಯೋಜನೆ, plan, ಯೋಜನೆ, 
activity, ಚಟುವಟಿಕೆ, activity, 
star, ನಕ್ಷತ್ರ, star, 
table, ಟೇಬಲ್, table, 
need, ಅಗತ್ಯ, required, ಅಗತ್ಯವಿದೆ, required, 
court, ನ್ಯಾಯಾಲಯ, court, 
american, ಅಮೇರಿಕನ್, american, 
oil, ತೈಲ, oil, 
situation, ಪರಿಸ್ಥಿತಿ, the situation, ಪರಿಸ್ಥಿತಿ, 
cost, ವೆಚ್ಚ, cost, 
industry, ಉದ್ಯಮ, industry, 
figure, ಅಂಕಿ, statistics, ಅಂಕಿಅಂಶ, statistics, 
street, ರಸ್ತೆ, road, ರಸ್ತೆ, 
image, ಚಿತ್ರ, picture, ಚಿತ್ರ, 
phone, ದೂರವಾಣಿ, telephone, ದೂರವಾಣಿ, 
data, ಡೇಟಾ, data, 
picture, ಚಿತ್ರ, picture, 
practice, ಅಭ್ಯಾಸ, practice, 
piece, ತುಂಡು, piece, 
land, ಭೂಮಿ, the land, ನೆಲ, ground, ಗ್ರೌಂಡ್, ground, 
product, ಉತ್ಪನ್ನ, product, 
doctor, ವೈದ್ಯರು, doctors, ವೈದ್ಯರು, 
wall, ಗೋಡೆ, wall, 
patient, ರೋಗಿಯ, the patient, ರೋಗಿ, patient, 
worker, ಕೆಲಸಗಾರ, worker, 
news, ಸುದ್ದಿ, news, 
test, ಪರೀಕ್ಷೆ, testing, ಪರೀಕ್ಷೆ, 
movie, ಚಲನಚಿತ್ರ, movie, 
north, ಉತ್ತರ, the answer, ಉತ್ತರ, 
love, ಪ್ರೀತಿ, love, 
support, ಬೆಂಬಲ, support, 
technology, ತಂತ್ರಜ್ಞಾನ, technology, 
step, ಹಂತ, stage, ಹಂತ, 
baby, ಬೇಬಿ, baby, 
computer, ಕಂಪ್ಯೂಟರ್, computer, 
type, ಮಾದರಿ, model, ಮಾದರಿ, 
attention, ಗಮನ, attention, 
film, ಚಲನಚಿತ್ರ, movie, ಚಲನಚಿತ್ರ, 
republican, ಗಣತಂತ್ರವಾದಿ, republican, 
tree, ಮರ, tree, 
source, ಮೂಲ, source, 
organization, ಸಂಘಟನೆ, organization, 
hair, ಕೂದಲು, hair, 
look, ನೋಡಿ, see, ನೋಡಿ, 
century, ಶತಮಾನ, century, 
evidence, ಪುರಾವೆ, proof, ಪುರಾವೆ, 
window, ವಿಂಡೋ, window, 
culture, ಸಂಸ್ಕೃತಿ, culture, 
chance, ಅವಕಾಶ, chance, 
brother, ಸಹೋದರ, brother, 
energy, ಶಕ್ತಿ, power, ಪವರ್, power, 
period, ಅವಧಿ, duration, ಅವಧಿ, 
course, ಕೋರ್ಸ್, of course, ಖಂಡಿತವಾಗಿ, definitely, ಖಂಡಿತವಾಗಿಯೂ, of course, 
summer, ಬೇಸಿಗೆಯಲ್ಲಿ, in the summer, ಬೇಸಿಗೆಯಲ್ಲಿ, in the summer, 
plant, ಸಸ್ಯ, plant, 
opportunity, ಅವಕಾಶ, chance, ಅವಕಾಶ, 
term, ಅವಧಿ, duration, ಅವಧಿ, 
letter, ಪತ್ರ, letter, 
condition, ಸ್ಥಿತಿ, status, ಸ್ಥಿತಿ, 
choice, ಆಯ್ಕೆ, choose, ಆಯ್ಕೆಮಾಡಿ, select, ಆಯ್ಕೆಮಾಡಿ, 
rule, ನಿಯಮ, rule, 
daughter, ಮಗಳು, daughter, 
administration, ಆಡಳಿತ, administration, 
south, ದಕ್ಷಿಣ, south, 
husband, ಪತಿ, husband, 
congress, ಕಾಂಗ್ರೆಸ್, congress, 
floor, ಮಹಡಿ, floor, 
campaign, ಪ್ರಚಾರ, promotion, ಪ್ರಚಾರ, 
material, ವಸ್ತು, the object, ವಸ್ತು, 
population, ಜನಸಂಖ್ಯೆ, population, 
call, ಕರೆ ಮಾಡಿ, call, 
economy, ಆರ್ಥಿಕತೆ, economy, 
hospital, ಆಸ್ಪತ್ರೆ, hospital, 
church, ಚರ್ಚ್, the church, ಚರ್ಚ್, 
risk, ಅಪಾಯ, risk, 
fire, ಬೆಂಕಿ, fire, 
future, ಭವಿಷ್ಯ, future, 
defense, ರಕ್ಷಣಾ, defense, 
security, ಭದ್ರತೆ, security, 
bank, ಬ್ಯಾಂಕ್, bank, 
west, ಪಶ್ಚಿಮಕ್ಕೆ, to the west, ಪಶ್ಚಿಮಕ್ಕೆ, 
sport, ಕ್ರೀಡೆ, sports, ಕ್ರೀಡೆ, sports, 
board, ಬೋರ್ಡ್, board, 
subject, ವಿಷಯ, subject, 
officer, ಅಧಿಕಾರಿ, officer, 
rest, ಉಳಿದ, the rest, ಉಳಿದ, 
behavior, ನಡವಳಿಕೆ, behavior, 
performance, ಪ್ರದರ್ಶನ, show, ತೋರಿಸು, show, 
top, ಅಗ್ರ, top, 
goal, ಗುರಿ, goal, 
second, ಎರಡನೇ, second, 
bed, ಹಾಸಿಗೆ, bed, 
order, ಆದೇಶ, order, 
author, ಲೇಖಕ, author, 
blood, ರಕ್ತ, blood, 
agency, ಸಂಸ್ಥೆ, organization, ಸಂಸ್ಥೆ, 
nature, ಪ್ರಕೃತಿ, nature, 
color, ಬಣ್ಣ, color, 
store, ಅಂಗಡಿ, shop, ಅಂಗಡಿ, 
sound, ಧ್ವನಿ, sound, 
movement, ಚಲನೆ, movement, 
page, ಪುಟ, p, ಪಿ, p., ಪಿ., p., 
race, ರೇಸ್, race, 
concern, ಕಾಳಜಿ, care, ಕೇರ್, care, 
series, ಸರಣಿ, series, 
language, ಭಾಷೆ, language, 
response, ಪ್ರತಿಕ್ರಿಯೆ, feedback, ಪ್ರತಿಕ್ರಿಯೆ, 
animal, ಪ್ರಾಣಿ, the animal, ಪ್ರಾಣಿ, 
factor, ಅಂಶ, element, ಅಂಶ, 
decade, ದಶಕ, decade, 
article, ಲೇಖನ, article, 
east, ಪೂರ್ವ, east, 
artist, ಕಲಾವಿದ, artist, 
scene, ದೃಶ್ಯ, video, ವೀಡಿಯೊ, video, 
stock, ಸ್ಟಾಕ್, stock, 
career, ವೃತ್ತಿಜೀವನ, career, 
treatment, ಚಿಕಿತ್ಸೆ, treatment, 
approach, ವಿಧಾನ, method, ವಿಧಾನ, 
size, ಗಾತ್ರ, size, 
dog, ನಾಯಿ, the dog, ನಾಯಿ, 
fund, ನಿಧಿ, treasure, ಟ್ರೆಷರ್, treasure, 
media, ಮಾಧ್ಯಮ, media, 
sign, ಸೈನ್, sign, 
thought, ಭಾವಿಸಲಾಗಿದೆ, thought, 
list, ಪಟ್ಟಿ, list, 
individual, ಮಾಲಿಕ, individual, 
quality, ಗುಣಮಟ್ಟ, quality, 
pressure, ಒತ್ತಡ, stress, ಒತ್ತಡ, 
answer, ಉತ್ತರ, the answer, ಉತ್ತರ, 
resource, ಸಂಪನ್ಮೂಲ, resource, 
meeting, ಸಭೆಯಲ್ಲಿ, at the meeting, ಸಭೆಯಲ್ಲಿ, 
disease, ರೋಗ, disease, 
success, ಯಶಸ್ಸು, success, 
cup, ಕಪ್, cup, 
amount, ಮೊತ್ತ, sum, ಮೊತ್ತ, 
ability, ಸಾಮರ್ಥ್ಯ, ability, 
staff, ಸಿಬ್ಬಂದಿ, staff, 
character, ಪಾತ್ರ, character, 
growth, ಬೆಳವಣಿಗೆ, growth, 
loss, ನಷ್ಟ, loss, 
degree, ಪದವಿ, graduate, ಪದವಿಧರ, graduate, 
attack, ದಾಳಿ, attack, 
region, ಪ್ರದೇಶ, area, ಪ್ರದೇಶ, 
television, ದೂರದರ್ಶನ, television, 
box, ಬಾಕ್ಸ್, box, 
tv, ಟಿವಿ, tv, 
training, ತರಬೇತಿ, training, 
trade, ವ್ಯಾಪಾರ, business, ವ್ಯಾಪಾರ, 
deal, ಒಪ್ಪಂದ, agreement, ಒಪ್ಪಂದ, 
election, ಚುನಾವಣೆ, elections, ಚುನಾವಣೆಗಳು, elections, 
feeling, ಭಾವನೆ, feeling, 
standard, ಪ್ರಮಾಣಿತ, standard, 
bill, ಬಿಲ್, bill, 
message, ಸಂದೇಶ, message, 
analysis, ವಿಶ್ಲೇಷಣೆ, analysis, 
benefit, ಲಾಭ, gain, ಲಾಭ, 
sex, ಲೈಂಗಿಕತೆ, sexuality, ಲೈಂಗಿಕತೆ, 
lawyer, ವಕೀಲ, lawyer, 
section, ವಿಭಾಗ, section, 
glass, ಗಾಜು, glass, 
skill, ಕೌಶಲ್ಯ, skill, 
sister, ಸಹೋದರಿ, sister, 
professor, ಪ್ರೊಫೆಸರ್, professor, 
operation, ಕಾರ್ಯಾಚರಣೆ, operation, 
crime, ಅಪರಾಧ, crime, 
stage, ಹಂತ, stage, 
authority, ಅಧಿಕಾರ, authorization, ಅಧಿಕಾರ, 
design, ವಿನ್ಯಾಸ, design, 
sort, ರೀತಿಯ, kind of, ರೀತಿಯ, 
one, ಒಂದು, one, 
knowledge, ಜ್ಞಾನ, knowledge, 
gun, ಗನ್, gun, 
station, ನಿಲ್ದಾಣ, station, 
strategy, ತಂತ್ರ, technique, ತಂತ್ರ, 
truth, ಸತ್ಯ, the truth, ಸತ್ಯ, 
song, ಹಾಡು, song, 
example, ಉದಾಹರಣೆ, example, 
environment, ಪರಿಸರ, environment, 
leg, ಲೆಗ್, leg, 
public, ಸಾರ್ವಜನಿಕ, public, 
executive, ಕಾರ್ಯನಿರ್ವಾಹಕ, executive, 
set, ಸೆಟ್, set, 
rock, ರಾಕ್, rock, 
note, ಸೂಚನೆ, notice, ಎಚ್ಚರಿಕೆ, be careful, ಜಾಗರೂಕರಾಗಿರಿ, be careful, 
manager, ಮ್ಯಾನೇಜರ್, manager, 
help, ಸಹಾಯ, help, 
network, ನೆಟ್ವರ್ಕ್, network, 
science, ವಿಜ್ಞಾನ, science, 
memory, ಮೆಮೊರಿ, memory, 
card, ಕಾರ್ಡ್, card, 
seat, ಆಸನ, seat, 
cell, ಕೋಶ, cell, 
trial, ವಿಚಾರಣೆ, inquiry, ವಿಚಾರಣೆ, 
expert, ತಜ್ಞ, expert, 
spring, ವಸಂತ, spring, 
firm, ಸಂಸ್ಥೆ, organization, ಸಂಸ್ಥೆ, 
democrat, ಪ್ರಜಾಪ್ರಭುತ್ವವಾದಿ, democrat, 
radio, ರೇಡಿಯೋ, radio, 
management, ನಿರ್ವಹಣೆ, management, 
ball, ಚೆಂಡು, ball, 
talk, ಮಾತನಾಡಿ, speak, ಮಾತನಾಡಿ, 
theory, ಸಿದ್ಧಾಂತ, theory, 
impact, ಪರಿಣಾಮ, effect, ಪರಿಣಾಮ, 
statement, ಹೇಳಿಕೆ, statement, 
charge, ಶುಲ್ಕ, fee, ಶುಲ್ಕ, 
direction, ನಿರ್ದೇಶನ, direction, 
weapon, ಶಸ್ತ್ರ, weapon, 
employee, ಉದ್ಯೋಗಿ, employee, 
peace, ಶಾಂತಿ, peace, 
base, ಬೇಸ್, base, 
pain, ನೋವು, pain, 
play, ಆಡಲು, to play, ಆಡಲು, 
measure, ಅಳತೆ, measure, 
interview, ಸಂದರ್ಶನ, interview, 
chair, ಕುರ್ಚಿ, chair, 
fish, ಮೀನು, fish, 
camera, ಕ್ಯಾಮೆರಾ, camera, 
structure, ರಚನೆ, structure, 
politics, ರಾಜಕೀಯ, politics, 
bit, ಬಿಟ್, bit, 
weight, ತೂಕ, weight, 
candidate, ಅಭ್ಯರ್ಥಿ, candidate, 
production, ಉತ್ಪಾದನೆ, production, 
trip, ಟ್ರಿಪ್, trip, 
evening, ಸಂಜೆ, evening, 
conference, ಸಮ್ಮೇಳನ, conference, 
unit, ಘಟಕ, unit, 
style, ಶೈಲಿ, style, 
adult, ವಯಸ್ಕ, adult, 
range, ಶ್ರೇಣಿ, range, 
past, ಹಿಂದೆ, in the past, ಹಳೆಗಾಲದಲ್ಲಿ, in the old age, ವೃದ್ಧಾಪ್ಯದಲ್ಲಿ, in old age, ವೃದ್ಧಾಪ್ಯದಲ್ಲಿ, 
edge, ತುದಿ, tip, ಸಲಹೆ, advice, ಸಲಹೆ, 
writer, ಬರಹಗಾರ, writer, 
trouble, ತೊಂದರೆ, trouble, 
challenge, ಸವಾಲು, the challenge, ಸವಾಲು, 
fear, ಭಯ, fear, 
shoulder, ಭುಜ, shoulder, 
institution, ಸಂಸ್ಥೆ, organization, ಸಂಸ್ಥೆ, 
sea, ಸಮುದ್ರ, the sea, ಕಡಲು, ocean, ಸಾಗರ, ocean, 
dream, ಕನಸು, dream, 
bar, ಬಾರ್, bar, 
property, ಆಸ್ತಿ, property, 
stuff, ಸ್ಟಫ್, stuff, 
detail, ವಿವರ, profile, ಪ್ರೊಫೈಲ್, profile, 
method, ವಿಧಾನ, method, 
magazine, ಪತ್ರಿಕೆ, newspaper, ವೃತ್ತಪತ್ರಿಕೆ, newspaper, 
hotel, ಹೋಟೆಲ್, hotel, 
soldier, ಸೈನಿಕ, soldier, 
cause, ಕಾರಣ, reason, ಕಾರಣ, 
bag, ಚೀಲ, bag, 
heat, ಶಾಖ, heat, 
fall, ಬೀಳುತ್ತವೆ, fall, 
marriage, ಮದುವೆ, marriage, 
surface, ಮೇಲ್ಮೈ, surface, 
purpose, ಉದ್ದೇಶ, purpose, 
pattern, ನಮೂನೆ, pattern, 
skin, ಚರ್ಮ, skin, 
agent, ದಳ್ಳಾಲಿ, agent, 
owner, ಮಾಲೀಕ, owner, 
machine, ಯಂತ್ರ, machine, 
gas, ಅನಿಲ, gas, 
generation, ಪೀಳಿಗೆಯ, generation, 
cancer, ಕ್ಯಾನ್ಸರ್, cancer, 
item, ಐಟಂ, item, 
reality, ರಿಯಾಲಿಟಿ, reality, 
coach, ಕೋಚ್, coach, 
mrs, ಶ್ರೀಮತಿ, mrs., ಶ್ರೀಮತಿ., mrs., 
yard, ಗಜ, yard, 
violence, ಹಿಂಸೆ, violence, 
investment, ಬಂಡವಾಳ, portfolio, ಬಂಡವಾಳ, 
discussion, ಚರ್ಚೆ, discussion, 
finger, ಬೆರಳು, finger, 
garden, ಉದ್ಯಾನ, the garden, ಉದ್ಯಾನವನ, the park, ಉದ್ಯಾನವನ, 
collection, ಸಂಗ್ರಹ, collection, 
task, ಕಾರ್ಯ, function, ಕಾರ್ಯ, 
partner, ಪಾಲುದಾರ, partner, 
kitchen, ಅಡಿಗೆ, the kitchen, ಅಡುಗೆ ಮನೆ, kitchen house, ಕಿಚನ್ ಮನೆ, kitchen house, 
consumer, ಗ್ರಾಹಕ, customer, ಗ್ರಾಹಕರು, customers, ಗ್ರಾಹಕರು, 
shot, ಶಾಟ್, shot, 
budget, ಬಜೆಟ್, budget, 
painting, ಚಿತ್ರಕಲೆ, painting, 
scientist, ವಿಜ್ಞಾನಿ, scientist, 
agreement, ಒಪ್ಪಂದ, agreement, 
capital, ಬಂಡವಾಳ, portfolio, ಬಂಡವಾಳ, 
mouth, ಬಾಯಿ, mouth, 
victim, ಬಲಿಪಶು, victim, 
newspaper, ಪತ್ರಿಕೆ, newspaper, 
threat, ಬೆದರಿಕೆ, threatening, ಬೆದರಿಕೆ, 
responsibility, ಜವಾಬ್ದಾರಿ, responsible, ಜವಾಬ್ದಾರಿ, 
attorney, ವಕೀಲ, lawyer, ವಕೀಲ, 
score, ಸ್ಕೋರ್, score, 
account, ಖಾತೆ, account, 
break, ವಿರಾಮ, leisure, ವಿರಾಮ, 
audience, ಪ್ರೇಕ್ಷಕರು, audience, 
dinner, ಭೋಜನ, dinner, 
vote, ಮತ, vote, 
debate, ಚರ್ಚೆ, discussion, ಚರ್ಚೆ, 
citizen, ನಾಗರಿಕ, citizen, 
majority, ಬಹುತೇಕ, almost, ಬಹುತೇಕ, 
wind, ಗಾಳಿ, wind, 
mission, ಮಿಷನ್, mission, 
customer, ಗ್ರಾಹಕ, customer, 
speech, ಭಾಷಣ, speech, 
option, ಆಯ್ಕೆ, choose, ಆಯ್ಕೆಮಾಡಿ, select, ಆಯ್ಕೆಮಾಡಿ, 
participant, ಪಾಲ್ಗೊಳ್ಳುವವರು, participants, ಭಾಗವಹಿಸುವವರು, participants, 
forest, ಅರಣ್ಯ, forest, 
video, ವೀಡಿಯೊ, video, 
senate, ಸೆನೆಟ್, senate, 
reform, ಸುಧಾರಣೆ, improvement, ಸುಧಾರಣೆ, 
access, ಪ್ರವೇಶ, access, 
restaurant, ಉಪಹಾರ ಗೃಹ, breakfast house, ಬ್ರೇಕ್ಫಾಸ್ಟ್ ಹೌಸ್, breakfast house, 
judge, ನ್ಯಾಯಾಧೀಶರು, judge, 
relation, ಸಂಬಂಧ, relation, 
bird, ಹಕ್ಕಿ, the bird, ಪಕ್ಷಿ, the bird, 
opinion, ಅಭಿಪ್ರಾಯ, feel, ಅಭಿಪ್ರಾಯ, 
credit, ಕ್ರೆಡಿಟ್, credit, 
corner, ಮೂಲೆಯಲ್ಲಿ, in the corner, ಮೂಲೆಯಲ್ಲಿ, 
version, ಆವೃತ್ತಿ, version, 
safety, ಸುರಕ್ಷತೆ, safety, 
neighborhood, ನೆರೆಹೊರೆ, neighborhoods, ನೆರೆಹೊರೆಯವರು, neighbors, ನೆರೆ, neighbors, 
act, ಕ್ರಿಯೆ, action, ಕ್ರಿಯೆ, 
troop , ಸೈನ್ಯ, army, ಸೈನ್ಯ, 
income, ಆದಾಯ, income, 
species, ಜಾತಿಗಳು, species, 
track, ಟ್ರ್ಯಾಕ್, track, 
hope, ಭರವಸೆ, hope, 
sky, ಆಕಾಶ, the sky, ಆಕಾಶ, 
freedom, ಸ್ವಾತಂತ್ರ್ಯ, freedom, 
plane, ವಿಮಾನ, flight, ಫ್ಲೈಟ್, flight, 
object, ವಸ್ತು, the object, ವಸ್ತು, 
attitude, ವರ್ತನೆ, behavior, ವರ್ತನೆ, 
labor, ಕಾರ್ಮಿಕ, labor, 
concept, ಪರಿಕಲ್ಪನೆ, concept, 
client, ಕ್ಲೈಂಟ್, client, 
conversation, ಸಂಭಾಷಣೆ, dialogue, ಸಂಭಾಷಣೆ, 
variety, ವಿವಿಧ, different, ವಿವಿಧ, 
turn, ತಿರುಗಿ, turn on, ಆನ್ ಮಾಡಿ, turn on, 
investigation, ತನಿಖೆ, investigation, 
researcher, ಸಂಶೋಧಕ, researcher, 
press, ಒತ್ತಿ, press, 
conflict, ಸಂಘರ್ಷ, conflict, 
spirit, ಆತ್ಮ, the soul, ಆತ್ಮ, 
argument, ವಾದ, argument, 
camp, ಕ್ಯಾಂಪ್, camp, 
brain, ಮೆದುಳು, the brain, ಮೆದುಳು, 
feature, ವೈಶಿಷ್ಟ್ಯ, feature, 
afternoon, ಮಧ್ಯಾಹ್ನ, noon, ಮಧ್ಯಾಹ್ನ, 
weekend, ವಾರಾಂತ್ಯದಲ್ಲಿ, weekend, 
possibility, ಸಾಧ್ಯತೆ, possible, ಸಂಭವನೀಯ, possible, 
insurance, ವಿಮೆ, insurance, 
department, ಇಲಾಖೆ, department, 
battle, ಕದನ, battle, 
beginning, ಪ್ರಾರಂಭ, start, ಪ್ರಾರಂಭಿಸಿ, get started, ಪ್ರಾರಂಭಿಸಿ, 
date, ದಿನಾಂಕ, date, 
crisis, ಬಿಕ್ಕಟ್ಟು, crisis, 
fan, ಅಭಿಮಾನಿ, fan, 
hole, ರಂಧ್ರ, hole, 
element, ಅಂಶ, element, 
vision, ದೃಷ್ಟಿ, vision, 
status, ಸ್ಥಿತಿ, status, 
ship, ಹಡಗು, ship, 
solution, ಪರಿಹಾರ, solution, 
stone, ಕಲ್ಲು, stone, 
scale, ಪ್ರಮಾಣದ, scale, 
university, ವಿಶ್ವವಿದ್ಯಾಲಯ, university, 
driver, ಚಾಲಕ, driver, 
attempt, ಪ್ರಯತ್ನ, effort, ಪ್ರಯತ್ನ, 
park, ಪಾರ್ಕ್, park, 
spot, ಸ್ಪಾಟ್, spot, 
lack, ಕೊರತೆ, deficiency, ಕೊರತೆ, 
ice, ಐಸ್, ice, 
boat, ದೋಣಿ, boat, 
sun, ಸೂರ್ಯ, the sun, ಸೂರ್ಯ, 
distance, ದೂರ, away, ಅವೇ, away, 
wood, ಮರ, tree, ಮರ, 
truck, ಟ್ರಕ್, truck, 
return, ಹಿಂತಿರುಗಿ, come back, ಮರಳಿ ಬಾ, come back, 
mountain, ಪರ್ವತ, mountain, 
survey, ಸಮೀಕ್ಷೆ, survey, 
tradition, ಸಂಪ್ರದಾಯ, tradition, 
winter, ಚಳಿಗಾಲ, winter, 
village, ಗ್ರಾಮ, village, 
sales, ಮಾರಾಟ, for sale, ಮಾರಾಟಕ್ಕೆ, for sale, 
communication, ಸಂವಹನ, communicate, ಸಂವಹನ, 
run, ರನ್, run, 
screen, ಪರದೆಯ, screen, 
resident, ನಿವಾಸಿ, resident, 
gold, ಚಿನ್ನ, gold, 
club, ಕ್ಲಬ್, club, 
farm, ಕೃಷಿ, farming, ಕೃಷಿ, 
increase, ಹೆಚ್ಚಳ, increase, 
middle, ಮಧ್ಯಮ, moderate, ಮಧ್ಯಮ, 
presence, ಉಪಸ್ಥಿತಿ, presence, 
district, ಜಿಲ್ಲೆ, district, 
shape, ಆಕಾರ, shape, 
reader, ರೀಡರ್, reader, 
ms, ms, 
contract, ಒಪ್ಪಂದ, agreement, ಒಪ್ಪಂದ, 
crowd, ಗುಂಪು, group, ಗುಂಪು, 
apartment, ಅಪಾರ್ಟ್ಮೆಂಟ್, apartment, 
strength, ಶಕ್ತಿ, power, ಪವರ್, power, 
band, ಬ್ಯಾಂಡ್, band, 
horse, ಕುದುರೆ, horse, 
target, ಗುರಿ, goal, ಗುರಿ, 
prison, ಜೈಲು, prison, 
guard, ಸಿಬ್ಬಂದಿ, staff, ಸಿಬ್ಬಂದಿ, 
demand, ಬೇಡಿಕೆ, demand, 
reporter, ವರದಿಗಾರ, reporter, 
text, ಪಠ್ಯ, text, 
share, ಹಂಚು, share, 
tool, ಉಪಕರಣ, tool, 
vehicle, ವಾಹನ, vehicle, 
flight, ವಿಮಾನ, flight, 
facility, ಸೌಲಭ್ಯ, facility, 
understanding, ತಿಳುವಳಿಕೆ, understanding, 
advantage, ಪ್ರಯೋಜನ, benefit, ಲಾಭ, gain, ಲಾಭ, 
leadership, ನಾಯಕತ್ವ, leadership, 
pound, ಪೌಂಡ್, pounds, ಪೌಂಡ್ಸ್, pounds, 
basis, ಆಧಾರ, basis, 
guest, ಅತಿಥಿ, guest, 
sample, ಮಾದರಿ, model, ಮಾದರಿ, 
block, ಬ್ಲಾಕ್, block, 
protection, ರಕ್ಷಣೆ, protection, 
while, ಹಾಗೆಯೇ, as well, ಹಾಗೂ, and, ಮತ್ತು, and, 
identity, ಗುರುತು, mark, ಮಾರ್ಕ್, mark, 
title, ಶೀರ್ಷಿಕೆ, title, 
lesson, ಪಾಠ, lesson, 
faith, ನಂಬಿಕೆ, faith, 
river, ನದಿ, the river, ನದಿ, 
living, ವಾಸಿಸುವ, living, 
technique, ತಂತ್ರ, technique, 
path, ಮಾರ್ಗ, the way, ದಾರಿ, way out, ಹೊರಕ್ಕೆ ದಾರಿ, get out of the way, ದಾರಿ ತಪ್ಪಿಸಿ, avoid the way, ದಾರಿಯನ್ನು ತಪ್ಪಿಸಿ, avoid the way, 
ear, ಕಿವಿ, ear, 
shop, ಅಂಗಡಿ, shop, 
folk, ಜನಪದ, folklore, ಜಾನಪದ ಅಧ್ಯಯನ, folklore, 
principle, ತತ್ವ, principle, 
border, ಗಡಿ, border, 
competition, ಸ್ಪರ್ಧೆ, competition, 
claim, ಹಕ್ಕು, claim, 
equipment, ಉಪಕರಣ, tool, ಉಪಕರಣ, 
critic, ವಿಮರ್ಶಕ, reviewer, ವಿಮರ್ಶಕ, 
aspect, ಅಂಶ, element, ಅಂಶ, 
failure, ವೈಫಲ್ಯ, failure, 
christmas, ಕ್ರಿಸ್ಮಸ್, christmas, 
comment, ಕಾಮೆಂಟ್, comment, 
affair, ಸಂಬಂಧ, relation, ಸಂಬಂಧ, 
procedure, ವಿಧಾನ, method, ವಿಧಾನ, 
chairman, ಅಧ್ಯಕ್ಷ, the president, ಅಧ್ಯಕ್ಷ, 
baseball, ಬೇಸ್ಬಾಲ್, baseball, 
egg, ಮೊಟ್ಟೆ, egg, 
belief, ನಂಬಿಕೆ, faith, ನಂಬಿಕೆ, 
murder, ಕೊಲೆ, murder, 
gift, ಉಡುಗೊರೆ, gift, 
religion, ಧರ್ಮ, religion, 
review, ವಿಮರ್ಶೆ, review, 
editor, ಸಂಪಾದಕ, editor, 
coffee, ಕಾಫಿ, coffee, 
document, ಡಾಕ್ಯುಮೆಂಟ್, document, 
speed, ವೇಗ, speed, 
influence, ಪ್ರಭಾವ, influence, 
youth, ಯುವ ಜನ, young people, ಯುವ ಜನರು, young people, 
wave, ಅಲೆ, wave, 
move, ಸರಿಸಲು, to move, ಸರಿಸಲು, 
quarter, ಕಾಲು, foot, ಪಾದ, foot, 
background, ಹಿನ್ನೆಲೆ, background, 
reaction, ಪ್ರತಿಕ್ರಿಯೆ, feedback, ಪ್ರತಿಕ್ರಿಯೆ, 
suit, ಸೂಟ್, suit, 
perspective, ದೃಷ್ಟಿಕೋನದಿಂದ, from perspective, ದೃಷ್ಟಿಕೋನದಿಂದ, 
construction, ನಿರ್ಮಾಣ, construction, 
intelligence, ಗುಪ್ತಚರ, intelligence, 
connection, ಸಂಪರ್ಕ, contact, ಸಂಪರ್ಕಿಸಿ, contact us, ನಮ್ಮನ್ನು ಸಂಪರ್ಕಿಸಿ, contact us, 
shoe, ಶೂ, shoe, 
grade, ಗ್ರೇಡ್, grade, 
context, ಸನ್ನಿವೇಶ, the situation, ಪರಿಸ್ಥಿತಿ, the situation, 
committee, ಸಮಿತಿ, committee, 
mistake, ತಪ್ಪು, wrong, ತಪ್ಪು, 
focus, ಗಮನ, attention, ಗಮನ, 
smile, ಸ್ಮೈಲ್, smile, 
location, ಸ್ಥಳ, location, 
clothes, ಬಟ್ಟೆ, clothes, 
neighbor, ನೆರೆಯವರು, neighbors, ನೆರೆ, neighbors, 
drive, ಡ್ರೈವ್, drive, 
function, ಕಾರ್ಯ, function, 
bone, ಮೂಳೆ, bone, 
average, ಸರಾಸರಿ, average, 
wine, ವೈನ್, wine, 
voter, ಮತದಾರ, voter, 
means, ಅರ್ಥ, meaning, ಅರ್ಥ, 
learning, ಕಲಿಕೆ, learning, 
bus, ಬಸ್, bus, 
hell, ನರಕ, hell, 
category, ವರ್ಗದಲ್ಲಿ, category, 
victory, ಗೆಲುವು, win, ವಿನ್, win, 
key, ಕೀ, key, 
visit, ಭೇಟಿ, visit, 
internet, ಅಂತರ್ಜಾಲ, internet, 
medicine, ಔಷಧ, medicine, 
tour, ಪ್ರವಾಸ, tour, 
photo, ಫೋಟೋ, photo, 
finding, ಹುಡುಕಲಾಗುತ್ತಿದೆ, searching, ಹುಡುಕಲಾಗುತ್ತಿದೆ, 
classroom, ತರಗತಿಯ, classroom, 
contact, ಸಂಪರ್ಕ, contact, 
justice, ನ್ಯಾಯ, justice, 
pair, ಜೋಡಿ, pair, 
exercise, ವ್ಯಾಯಾಮ, exercise, 
knee, ಮೊಣಕಾಲು, the knee, ಮೊಣಕಾಲು, the knee, 
flower, ಹೂವು, flower, 
tape, ಟೇಪ್, tape, 
supply, ಪೂರೈಕೆ, supply, 
cut, ಕತ್ತರಿಸಿ, cut off, ಕತ್ತರಿಸಿ, 
will, ತಿನ್ನುವೆ, will, 
actor, ನಟ, actor, 
birth, ಜನ್ಮ, birth, 
search, ಹುಡುಕು, search, 
democracy, ಪ್ರಜಾಪ್ರಭುತ್ವ, democracy, 
circle, ವೃತ್ತ, circle, 
device, ಸಾಧನ, device, 
progress, ಪ್ರಗತಿ, progress, 
front, ಮುಂದೆ, next, ಮುಂದೆ, 
bottom, ಕೆಳಗೆ, below, ಕೆಳಗೆ, 
island, ದ್ವೀಪ, island, 
exchange, ವಿನಿಮಯ, exchange, 
studio, ಸ್ಟುಡಿಯೊ, studio, 
lady, ಮಹಿಳೆ, woman, ಮಹಿಳೆ, 
colleague, ಸಹೋದ್ಯೋಗಿ, colleague, 
application, ಅಪ್ಲಿಕೇಶನ್, application, 
neck, ಕುತ್ತಿಗೆ, neck, 
damage, ಹಾನಿ, damage, 
plastic, ಪ್ಲ್ಯಾಸ್ಟಿಕ್, plastic, 
plate, ಫಲಕ, panel, ಫಲಕ, 
writing, ಬರೆಯುವುದು, writing, 
start, ಪ್ರಾರಂಭಿಸಿ, get started, ಪ್ರಾರಂಭಿಸಿ, 
expression, ಅಭಿವ್ಯಕ್ತಿ, expression, 
football, ಫುಟ್ಬಾಲ್, football, 
chicken, ಚಿಕನ್, chicken, 
army, ಸೇನೆ, army, 
abuse, ನಿಂದನೆ, abuse, 
theater, ನಾಟಕ, play, ಪ್ಲೇ, play, 
map, ನಕ್ಷೆ, map, 
session, ಅಧಿವೇಶನ, session, 
danger, ಅಪಾಯ, risk, ಅಪಾಯ, 
literature, ಸಾಹಿತ್ಯ, literature, 
rain, ಮಳೆ, rain, 
desire, ಬಯಕೆ, desire, 
assessment, ಮೌಲ್ಯಮಾಪನ, evaluation, ಮೌಲ್ಯಮಾಪನ, 
injury, ಗಾಯ, injury, 
respect, ಗೌರವ, honor, ಗೌರವ, 
fuel, ಇಂಧನ, fuel, 
leaf, ಎಲೆ, leaf, 
instruction, ಸೂಚನಾ, instruction, 
fight, ಹೋರಾಟ, fight, 
pool, ಪೂಲ್, pool, 
lead, ದಾರಿ, way out, ಹೊರಕ್ಕೆ ದಾರಿ, get out of the way, ದಾರಿ ತಪ್ಪಿಸಿ, avoid the way, ದಾರಿಯನ್ನು ತಪ್ಪಿಸಿ, avoid the way, 
engine, ಎಂಜಿನ್, engine, 
salt, ಉಪ್ಪು, salt, 
importance, ಪ್ರಾಮುಖ್ಯತೆ, importance, 
metal, ಲೋಹದ, metal, 
fat, ಕೊಬ್ಬು, fat, 
ticket, ಟಿಕೆಟ್, tickets, ಟಿಕೆಟ್ಗಳು, tickets, 
software, ಸಾಫ್ಟ್ವೇರ್, software, 
lip, ತುಟಿ, lip, 
reading, ಓದುವುದು, reading, 
lunch, ಊಟ, meals, ಊಟ, 
farmer, ರೈತ, farmer, 
sugar, ಸಕ್ಕರೆ, sugar, 
planet, ಗ್ರಹ, the planet, ಗ್ರಹ, 
enemy, ಶತ್ರು, the enemy, ಶತ್ರು, 
athlete, ಕ್ರೀಡಾಪಟು, athlete, 
soul, ಆತ್ಮ, the soul, ಆತ್ಮ, 
panel, ಫಲಕ, panel, 
meaning, ಅರ್ಥ, meaning, 
mom, ತಾಯಿ, mother, ತಾಯಿ, 
instrument, ಉಪಕರಣ, tool, ಉಪಕರಣ, 
weather, ಹವಾಮಾನ, weather, 
commitment, ಬದ್ಧತೆ, commitment, 
pocket, ಪಾಕೆಟ್, pocket, 
temperature, ತಾಪಮಾನ, temperature, 
surprise, ಆಶ್ಚರ್ಯ, surprised, ಆಶ್ಚರ್ಯ, 
poll, ಮತದಾನ, voting, ಮತದಾನ, 
proposal, ಪ್ರಸ್ತಾಪ, proposal, 
consequence, ಪರಿಣಾಮ, effect, ಪರಿಣಾಮ, 
half, ಅರ್ಧ, half, 
breath, ಉಸಿರು, breath, 
sight, ದೃಷ್ಟಿ, vision, ವಿಷನ್, vision, 
cover, ಕವರ್, cover, 
balance, ಸಮತೋಲನ, balance, 
minority, ಅಲ್ಪಸಂಖ್ಯಾತರು, minorities, ಅಲ್ಪಸಂಖ್ಯಾತರು, 
works, ಕೃತಿಗಳು, works, 
teaching, ಬೋಧನೆ, teaching, 
aid, ನೆರವು, assistance, ಸಹಾಯ, help, ಸಹಾಯ, 
advice, ಸಲಹೆ, advice, 
photograph, ಛಾಯಾಚಿತ್ರ, photograph, 
trail, ಜಾಡು, track, ಟ್ರ್ಯಾಕ್, track, 
novel, ಕಾದಂಬರಿ, the novel, ಕಾದಂಬರಿ, 
code, ಕೋಡ್, code, 
jury, ತೀರ್ಪುಗಾರರ, jury, 
breast, ಸ್ತನ, breast, 
human, ಮಾನವ, human, 
theme, ಥೀಮ್, theme, 
storm, ಚಂಡಮಾರುತ, hurricane, ಹರಿಕೇನ್, hurricane, 
union, ಒಕ್ಕೂಟ, union, 
desk, ಮೇಜು, table, ಟೇಬಲ್, table, 
thanks, ಧನ್ಯವಾದಗಳು, thank you, ಧನ್ಯವಾದ, thank you, 
fruit, ಹಣ್ಣು, fruit, 
conclusion, ತೀರ್ಮಾನ, decision, ನಿರ್ಧಾರ, decision, 
shadow, ನೆರಳು, shadow, 
analyst, ವಿಶ್ಲೇಷಕ, analyst, 
dance, ನೃತ್ಯ, dance, 
limit, ಮಿತಿ, limit, 
regulation, ನಿಯಂತ್ರಣ, control, ನಿಯಂತ್ರಣ, 
being, ಅಸ್ತಿತ್ವದಲ್ಲಿದೆ, exists, ಅಸ್ತಿತ್ವದಲ್ಲಿದೆ, 
ring, ರಿಂಗ್, the ring, ಉಂಗುರ, ring, 
revenue, ಆದಾಯ, income, ಆದಾಯ, 
county, ಕೌಂಟಿ, county, 
appearance, ನೋಟ, look, ನೋಡಿ, see, ನೋಡಿ, 
package, ಪ್ಯಾಕೇಜ್, package, 
difficulty, ತೊಂದರೆ, trouble, ತೊಂದರೆ, 
bridge, ಸೇತುವೆ, bridge, 
train, ರೈಲು, train, 
e-mail, ಇ-ಮೇಲ್, e-mail, 
thinking, ಆಲೋಚನೆ, thinking, 
trend, ಪ್ರವೃತ್ತಿ, trend, 
visitor, ಸಂದರ್ಶಕ, visitor, 
loan, ಸಾಲ, loan, 
investor, ಹೂಡಿಕೆದಾರರು, investor, 
profit, ಲಾಭ, gain, ಲಾಭ, 
crew, ಸಿಬ್ಬಂದಿ, staff, ಸಿಬ್ಬಂದಿ, 
accident, ಅಪಘಾತ, accident, 
male, ಪುರುಷ, male, 
meal, ಊಟ, meals, ಊಟ, 
hearing, ಕೇಳಿ, ask, ಕೇಳಿ, ask, 
traffic, ಸಂಚಾರ, traffic, 
muscle, ಮಾಂಸಖಂಡ, muscle, 
notion, ಕಲ್ಪನೆ, idea, ಐಡಿಯಾ, idea, 
earth, ಭೂಮಿ, the land, ನೆಲ, ground, ಗ್ರೌಂಡ್, ground, 
chest, ಎದೆ, chest, 
cash, ನಗದು, cash, 
museum, ಮ್ಯೂಸಿಯಂ, museum, 
beauty, ಸೌಂದರ್ಯ, beauty, 
emergency, ತುರ್ತು ಪರಿಸ್ಥಿತಿ, emergency, 
stress, ಒತ್ತಡ, stress, 
content, ವಿಷಯ, subject, ವಿಷಯ, 
root, ಬೇರು, root, 
nose, ಮೂಗು, the nose, ಮೂಗು, 
bottle, ಬಾಟಲ್, bottle, 
setting, ಸೆಟ್ಟಿಂಗ್, setting, 
dress, ಉಡುಗೆ, dress, 
file, ಫೈಲ್, file, 
outcome, ಫಲಿತಾಂಶ, the result, ಫಲಿತಾಂಶ, 
ad, ಜಾಹೀರಾತು, advertising, ಜಾಹೀರಾತು, advertising, 
duty, ಕರ್ತವ್ಯ, duty, 
sheet, ಹಾಳೆ, sheet, 
extent, ಮಟ್ಟಿಗೆ, to the extent, ಮಟ್ಟಿಗೆ, 
component, ಘಟಕ, unit, ಘಟಕ, 
contrast, ಇದಕ್ಕೆ ವಿರುದ್ಧವಾಗಿ, in contrast, ಇದಕ್ಕೆ ವಿರುದ್ಧವಾಗಿ, 
zone, ವಲಯ, circle, ವೃತ್ತ, circle, 
airport, ವಿಮಾನ ನಿಲ್ದಾಣ, airport, 
chief, ಮುಖ್ಯ, important, ಪ್ರಮುಖ, important, 
shirt, ಶರ್ಟ್, shirt, 
pilot, ಪೈಲಟ್, pilot, 
cat, ಬೆಕ್ಕು, cat, 
contribution, ಕೊಡುಗೆ, offer, ಆಫರ್, offer, 
capacity, ಸಾಮರ್ಥ್ಯ, ability, ಸಾಮರ್ಥ್ಯ, 
estate, ಎಸ್ಟೇಟ್, estate, 
guide, ಮಾರ್ಗದರ್ಶಿ, guide, 
circumstance, ಪರಿಸ್ಥಿತಿ, the situation, ಪರಿಸ್ಥಿತಿ, 
snow, ಹಿಮ, snow, 
politician, ರಾಜಕಾರಣಿ, politician, 
percentage, ಶೇಕಡಾವಾರು, percentage, 
meat, ಮಾಂಸ, meat, 
soil, ಮಣ್ಣು, the soil, ಮಣ್ಣು, 
surgery, ಶಸ್ತ್ರಚಿಕಿತ್ಸೆ, surgery, 
basketball, ಬ್ಯಾಸ್ಕೆಟ್ಬಾಲ್, basketball, 
golf, ಗಾಲ್ಫ್, golf, 
chain, ಸರಣಿ, series, ಸರಣಿ, 
address, ವಿಳಾಸ, address, 
branch, ಶಾಖೆ, branch, 
combination, ಸಂಯೋಜನೆ, composition, ಸಂಯೋಜನೆ, composition, 
governor, ಗವರ್ನರ್, governor, 
relief, ಪರಿಹಾರ, solution, ಪರಿಹಾರ, 
user, ಬಳಕೆದಾರ, user, 
dad, ತಂದೆ, father, ತಂದೆ, 
manner, ರೀತಿಯಲ್ಲಿ, way, ವೇ, the way, ದಾರಿ, way out, ಹೊರಕ್ಕೆ ದಾರಿ, get out of the way, ದಾರಿ ತಪ್ಪಿಸಿ, avoid the way, ದಾರಿಯನ್ನು ತಪ್ಪಿಸಿ, avoid the way, 
silence, ಮೌನ, silence, 
rating, ರೇಟಿಂಗ್, rating, 
motion, ಚಲನೆ, movement, ಚಳುವಳಿ, movement, 
gender, ಲಿಂಗ, gender, 
fee, ಶುಲ್ಕ, fee, 
landscape, ಭೂದೃಶ್ಯ, landscape, 
bowl, ಬೌಲ್, bowl, 
frame, ಫ್ರೇಮ್, frame, 
host, ಹೋಸ್ಟ್, host, 
hall, ಸಭಾಂಗಣ, hall, 
ocean, ಸಾಗರ, ocean, 
row, ಸಾಲು, line, ಸಾಲು, 
producer, ನಿರ್ಮಾಪಕ, producer, 
regime, ಆಡಳಿತ, administration, ಆಡಳಿತ, 
division, ವಿಭಾಗ, section, ವಿಭಾಗ, 
appeal, ಮನವಿಯನ್ನು, request, ವಿನಂತಿ, request, 
mirror, ಕನ್ನಡಿ, mirror, 
tooth, ಹಲ್ಲು, teeth, ಹಲ್ಲುಗಳು, teeth, 
length, ಉದ್ದ, length, 
topic, ವಿಷಯ, subject, ವಿಷಯ, 
variable, ವೇರಿಯೇಬಲ್, variable, 
telephone, ದೂರವಾಣಿ, telephone, 
perception, ಗ್ರಹಿಕೆ, perception, 
confidence, ವಿಶ್ವಾಸ, confidence, 
bedroom, ಮಲಗುವ ಕೋಣೆ, bedroom, 
secret, ರಹಸ್ಯ, mystery, ಮಿಸ್ಟರಿ, mystery, 
debt, ಸಾಲ, loan, ಸಾಲ, 
tank, ಟ್ಯಾಂಕ್, tank, 
nurse, ನರ್ಸ್, nurse, 
coverage, ವ್ಯಾಪ್ತಿ, coverage, 
opposition, ವಿರೋಧ, opposition, 
bond, ಕರಾರುಪತ್ರ, agreement, ಒಪ್ಪಂದ, agreement, 
pleasure, ಸಂತೋಷ, happy, ಸಂತೋಷ, 
master, ಮಾಸ್ಟರ್, master, 
era, ಯುಗ, age, ವಯಸ್ಸು, age, 
requirement, ಅವಶ್ಯಕತೆ, required, ಅಗತ್ಯವಿದೆ, required, 
check, ಪರಿಶೀಲಿಸಿ, check it out, ಇದನ್ನು ಪರಿಶೀಲಿಸಿ, check it out, 
stand, ಸ್ಟ್ಯಾಂಡ್, stand, 
fun, ಮೋಜಿನ, fun, 
expectation, ನಿರೀಕ್ಷೆ, expectation, 
wing, ವಿಂಗ್, wing, 
struggle, ಹೋರಾಟ, fight, ಹೋರಾಟ, fight, 
judgment, ತೀರ್ಪು, judgment, 
beer, ಬಿಯರ್, beer, 
english, ಇಂಗ್ಲೀಷ್, english, 
reference, ಉಲ್ಲೇಖ, quote, ಉದ್ಧರಣ, quote, 
tear, ಕಣ್ಣೀರು, tears, ಟಿಯರ್ಸ್, tears, 
doubt, ಅನುಮಾನ, doubt, 
minister, ಮಂತ್ರಿ, minister, 
hero, ನಾಯಕ, leader, ನಾಯಕ, 
cloud, ಮೋಡ, cloudy, ಮೋಡ, 
winner, ವಿಜೇತ, winner, 
volume, ಸಂಪುಟ, vol, ಸಂಪುಟ, 
travel, ಪ್ರಯಾಣ, travel, 
seed, ಬೀಜ, seed, 
fashion, ಫ್ಯಾಷನ್, fashion, 
pepper, ಮೆಣಸು, pepper, 
intervention, ಹಸ್ತಕ್ಷೇಪ, interference, ಹಸ್ತಕ್ಷೇಪ, interference, 
copy, ನಕಲಿಸಿ, copy, 
tip, ತುದಿ, tip, 
welfare, ಕಲ್ಯಾಣ, welfare, 
vegetable, ತರಕಾರಿ, vegetable, 
dish, ಭಕ್ಷ್ಯ, dish, 
beach, ಬೀಚ್, the beach, ಬೀಚ್, 
improvement, ಸುಧಾರಣೆ, improvement, 
opening, ತೆರೆಯುವುದು, to open, ತೆಗೆಯುವುದು, removal, ತೆಗೆಯುವಿಕೆ, removal, 
route, ಮಾರ್ಗ, the way, ದಾರಿ, way out, ಹೊರಕ್ಕೆ ದಾರಿ, get out of the way, ದಾರಿ ತಪ್ಪಿಸಿ, avoid the way, ದಾರಿಯನ್ನು ತಪ್ಪಿಸಿ, avoid the way, 
league, ಲೀಗ್, league, 
core, ಕೋರ್, core, 
rise, ಏರಿಕೆ, rise, 
tie, ಕಟ್ಟು, bundle, ಬಂಡಲ್, bundle, 
holiday, ರಜೆ, holiday, 
resolution, ರೆಸಲ್ಯೂಶನ್, resolution, 
household, ಮನೆಯ, home, ಮುಖಪುಟ, homepage, ಮುಖಪುಟ, 
abortion, ಗರ್ಭಪಾತ, abortion, 
witness, ಸಾಕ್ಷಿ, witness, 
sector, ವಲಯ, circle, ವೃತ್ತ, circle, 
representative, ಪ್ರತಿನಿಧಿ, representative, 
black, ಕಪ್ಪು, black, 
incident, ಘಟನೆ, incident, 
flow, ಹರಿವು, flow, 
faculty, ಸಿಬ್ಬಂದಿ, staff, ಸಿಬ್ಬಂದಿ, 
waste, ತ್ಯಾಜ್ಯ, waste, 
mass, ಸಮೂಹ, mass, 
experiment, ಪ್ರಯೋಗ, experiment, 
bomb, ಬಾಂಬ್, the bomb, ಬಾಂಬ್, 
tone, ಟೋನ್, tone, 
engineer, ಎಂಜಿನಿಯರ್, engineer, 
wheel, ಚಕ್ರ, wheel, 
female, ಸ್ತ್ರೀ, female, 
promise, ಭರವಸೆ, hope, ಹೋಪ್, hope, 
cable, ಕೇಬಲ್, cable, 
aids, ಸಹಾಯಕಗಳು, assistants, ಸಹಾಯಕರು, helpers, ಸಹಾಯಕರು, 
jew, ಯಹೂದಿ, jewish, ಯಹೂದಿ, 
cream, ಕೆನೆ, cream, 
secretary, ಕಾರ್ಯದರ್ಶಿ, secretary, 
gate, ಗೇಟ್, gate, 
hill, ಬೆಟ್ಟ, hill, 
noise, ಶಬ್ದ, noise, 
grass, ಹುಲ್ಲು, grass, 
hat, ಟೋಪಿ, hat, 
legislation, ಶಾಸನ, legislation, 
achievement, ಸಾಧನೆ, performance, ಸಾಧನೆ, 
fishing, ಮೀನುಗಾರಿಕೆ, fishing, 
drink, ಪಾನೀಯ, drink, 
talent, ಪ್ರತಿಭೆ, talent, 
taste, ರುಚಿ, taste, 
characteristic, ವಿಶಿಷ್ಟ, unique, ವಿಶಿಷ್ಟ, 
milk, ಹಾಲು, milk, 
sentence, ವಾಕ್ಯ, sentence, 
height, ಎತ್ತರ, height, 
physician, ವೈದ್ಯ, doctor, ಡಾಕ್ಟರ್, doctor, 
sleep, ನಿದ್ರೆ, sleep, 
ride, ಸವಾರಿ, ride, 
explanation, ವಿವರಣೆ, description, ವಿವರಣೆ, 
campus, ಕ್ಯಾಂಪಸ್, campus, 
potential, ಸಂಭಾವ್ಯ, potential, 
immigrant, ವಲಸಿಗರು, immigrants, ವಲಸಿಗರು, 
alternative, ಪರ್ಯಾಯ, alternative, 
interaction, ಪರಸ್ಪರ ಕ್ರಿಯೆ, interaction, 
column, ಕಾಲಮ್, column, 
personality, ವ್ಯಕ್ತಿತ್ವ, personality, 
signal, ಸಂಕೇತ, signal, 
curriculum, ಪಠ್ಯಕ್ರಮ, curriculum, 
honor, ಗೌರವ, honor, 
passenger, ಪ್ರಯಾಣಿಕ, passenger, 
assistance, ಸಹಾಯ, help, ಸಹಾಯ, 
association, ಅಸೋಸಿಯೇಷನ್, association, 
lab, ಲ್ಯಾಬ್, lab, 
offer, ಆಫರ್, offer, 
criticism, ಟೀಕೆ, criticism, 
asset, ಆಸ್ತಿ, property, ಆಸ್ತಿ, 
depression, ಖಿನ್ನತೆ, depression, 
journalist, ಪತ್ರಕರ್ತ, journalist, 
prayer, ಪ್ರಾರ್ಥನೆ, prayer, 
scholar, ವಿದ್ವಾಂಸ, scholar, 
warning, ಎಚ್ಚರಿಕೆ, be careful, ಜಾಗರೂಕರಾಗಿರಿ, be careful, 
climate, ಹವಾಮಾನ, weather, ಹವಾಮಾನ, 
cheese, ಗಿಣ್ಣು, cheese, 
observation, ವೀಕ್ಷಣೆ, view, ನೋಟ, look, ನೋಡಿ, see, ನೋಡಿ, 
childhood, ಬಾಲ್ಯ, childhood, 
payment, ಪಾವತಿ, payment, 
sir, ಸರ್, sir, 
cigarette, ಸಿಗರೇಟ್, cigarettes, ಸಿಗರೆಟ್ಗಳು, cigarettes, 
definition, ವ್ಯಾಖ್ಯಾನ, definition, 
priority, ಆದ್ಯತೆ, preferred, ಆದ್ಯತೆ, 
bread, ಬ್ರೆಡ್, bread, 
creation, ಸೃಷ್ಟಿ, creation, 
graduate, ಪದವಿಧರ, graduate, 
request, ವಿನಂತಿಯನ್ನು, request, 
emotion, ಭಾವನೆ, feeling, ಭಾವನೆ, 
